subject,label,session,direction_1,direction_2
1,right_hand,0train,-23.069,-5.357
1,left_hand,0train,-10.026,-48.61
1,left_hand,0train,-2.656,-55.316
1,right_hand,0train,11.525,20.777
1,right_hand,0train,11.908,36.931
1,left_hand,0train,35.373,-50.878
1,left_hand,0train,-13.708,-32.341
1,left_hand,0train,5.634,-54.869
1,right_hand,0train,-21.499,-15.321
1,right_hand,0train,26.433,32.585
1,left_hand,0train,-19.009,-18.638
1,left_hand,0train,-38.376,-3.189
1,left_hand,0train,-6.476,-36.017
1,right_hand,0train,35.385,30.435
1,left_hand,0train,-32.319,-2.309
1,right_hand,0train,11.612,28.623
1,right_hand,0train,-15.78,35.723
1,left_hand,0train,-29.928,-22.196
1,right_hand,0train,-24.584,16.651
1,left_hand,0train,-25.065,-1.637
1,right_hand,0train,6.206,33.426
1,right_hand,0train,-7.288,24.707
1,right_hand,0train,9.592,28.888
1,left_hand,0train,-2.028,-21.161
1,left_hand,0train,-19.125,-34.46
1,left_hand,0train,-23.302,4.534
1,right_hand,0train,-17.528,38.261
1,left_hand,0train,-25.299,-22.295
1,left_hand,0train,-8.707,-61.729
1,right_hand,0train,-8.116,38.996
1,left_hand,0train,1.06,-37.622
1,left_hand,0train,-26.953,3.727
1,right_hand,0train,24.384,43.383
1,left_hand,0train,-26.791,-23.869
1,right_hand,0train,46.763,49.778
1,right_hand,0train,-6.829,24.935
1,left_hand,0train,-31.331,-18.185
1,right_hand,0train,-4.193,42.458
1,left_hand,0train,15.979,-53.279
1,left_hand,0train,-13.017,-11.63
1,right_hand,0train,25.483,34.453
1,left_hand,0train,-1.928,-77.186
1,right_hand,0train,38.167,40.796
1,right_hand,0train,-2.139,41.949
1,right_hand,0train,-3.02,36.918
1,right_hand,0train,-1.062,30.884
1,right_hand,0train,9.404,12.479
1,left_hand,0train,-2.329,-44.185
1,right_hand,0train,-9.553,40.673
1,left_hand,0train,-8.033,-56.58
1,left_hand,0train,-1.35,-17.254
1,left_hand,0train,-31.052,-14.055
1,right_hand,0train,0.671,42.713
1,right_hand,0train,42.448,18.614
1,left_hand,0train,-0.781,-62.095
1,right_hand,0train,37.06,24.537
1,left_hand,0train,6.796,-31.906
1,right_hand,0train,-9.316,33.001
1,left_hand,0train,3.267,-53.592
1,right_hand,0train,-11.993,27.62
1,right_hand,0train,9.773,35.236
1,right_hand,0train,44.187,33.975
1,left_hand,0train,2.959,-34.296
1,left_hand,0train,-20.219,-39.15
1,right_hand,0train,18.64,41.506
1,left_hand,0train,-30.051,-15.511
1,right_hand,0train,36.371,29.819
1,right_hand,0train,19.753,31.03
1,left_hand,0train,1.537,-45.818
1,left_hand,0train,-2.011,-26.781
1,right_hand,0train,-13.934,35.735
1,left_hand,0train,7.293,-79.464
1,right_hand,0train,-17.493,36.131
1,left_hand,0train,-16.968,-21.87
1,left_hand,0train,-28.494,-31.984
1,right_hand,0train,-16.161,11.426
1,left_hand,0train,-28.187,-19.66
1,left_hand,0train,-7.335,-59.659
1,left_hand,0train,-30.145,-18.385
1,right_hand,0train,47.906,58.575
1,right_hand,0train,-18.012,29.676
1,right_hand,0train,9.343,36.981
1,right_hand,0train,23.069,51.922
1,left_hand,0train,-12.181,-32.169
1,right_hand,0train,-19.11,34.654
1,right_hand,0train,30.754,31.54
1,right_hand,0train,3.802,43.07
1,left_hand,0train,-9.638,-37.042
1,left_hand,0train,-39.964,10.983
1,left_hand,0train,-36.895,-0.922
1,left_hand,0train,1.857,-33.884
1,left_hand,0train,5.81,-7.275
1,right_hand,0train,41.925,49.824
1,left_hand,0train,-6.235,-40.064
1,right_hand,0train,26.0,42.071
1,right_hand,0train,2.184,28.032
1,left_hand,0train,-24.566,-17.542
1,right_hand,0train,-33.915,31.057
1,left_hand,0train,-19.385,-58.027
1,left_hand,0train,-23.159,-13.873
1,right_hand,0train,-6.041,35.891
1,right_hand,0train,-29.887,9.779
1,right_hand,0train,58.881,19.271
1,left_hand,0train,-19.714,-49.064
1,right_hand,0train,57.267,24.302
1,right_hand,0train,54.905,3.267
1,right_hand,0train,16.661,25.551
1,right_hand,0train,-0.769,30.405
1,right_hand,0train,16.637,32.925
1,left_hand,0train,-23.105,-26.814
1,right_hand,0train,15.777,42.017
1,right_hand,0train,-4.969,26.1
1,left_hand,0train,-16.356,-28.818
1,left_hand,0train,-17.886,-24.901
1,left_hand,0train,-12.43,-70.978
1,left_hand,0train,-17.501,-39.523
1,left_hand,0train,-14.552,-56.861
1,left_hand,0train,-7.74,-48.224
1,right_hand,0train,4.189,25.642
1,left_hand,0train,-28.118,-13.686
1,left_hand,0train,-35.638,6.106
1,right_hand,0train,6.318,40.145
1,right_hand,0train,-1.456,34.519
1,left_hand,0train,-30.03,2.829
1,right_hand,0train,17.648,38.053
1,right_hand,0train,4.968,20.546
1,right_hand,0train,-20.805,9.723
1,right_hand,0train,-16.623,29.926
1,right_hand,0train,-2.346,42.281
1,left_hand,0train,-17.011,-33.549
1,left_hand,0train,-15.768,-72.73
1,left_hand,0train,5.458,-69.155
1,left_hand,0train,-27.048,1.633
1,right_hand,0train,29.667,48.926
1,right_hand,0train,-0.742,27.311
1,left_hand,0train,-17.721,-42.645
1,left_hand,0train,-4.949,-21.703
1,left_hand,0train,-22.607,-12.998
1,right_hand,0train,-30.799,8.682
1,right_hand,0train,40.604,21.114
1,left_hand,0train,-23.388,-24.525
1,left_hand,0train,6.889,-40.997
1,right_hand,0train,16.537,35.769
1,left_hand,0train,-30.528,-6.647
1,left_hand,1test,-4.415,-18.944
1,right_hand,1test,50.644,50.565
1,right_hand,1test,15.447,-9.119
1,left_hand,1test,-18.888,-51.952
1,right_hand,1test,-9.476,9.949
1,left_hand,1test,-11.701,-56.422
1,right_hand,1test,21.008,32.957
1,right_hand,1test,43.024,46.556
1,left_hand,1test,-22.494,-15.285
1,right_hand,1test,44.53,35.365
1,left_hand,1test,-7.443,-67.321
1,left_hand,1test,-12.944,-43.89
1,right_hand,1test,48.359,49.336
1,left_hand,1test,1.468,-62.888
1,left_hand,1test,-16.918,-46.369
1,left_hand,1test,-21.675,-15.61
1,left_hand,1test,-11.102,-24.551
1,right_hand,1test,24.962,39.456
1,left_hand,1test,-3.773,-61.271
1,right_hand,1test,8.247,39.093
1,right_hand,1test,53.57,19.155
1,left_hand,1test,-8.39,-68.567
1,right_hand,1test,45.794,22.516
1,right_hand,1test,-1.324,-4.008
1,right_hand,1test,0.98,30.046
1,left_hand,1test,15.86,-46.533
1,left_hand,1test,-8.16,-52.865
1,right_hand,1test,-1.269,20.338
1,right_hand,1test,25.383,47.696
1,left_hand,1test,-21.763,-10.931
1,left_hand,1test,0.445,-50.183
1,left_hand,1test,-9.893,6.371
1,right_hand,1test,-23.522,26.241
1,right_hand,1test,28.868,23.688
1,left_hand,1test,-5.136,-24.769
1,left_hand,1test,-21.687,-25.806
1,left_hand,1test,2.338,-70.03
1,right_hand,1test,8.854,39.348
1,left_hand,1test,-14.318,-28.666
1,right_hand,1test,-31.087,28.787
1,right_hand,1test,-10.162,27.144
1,left_hand,1test,-1.563,29.304
1,right_hand,1test,69.34,42.989
1,left_hand,1test,6.553,-3.702
1,right_hand,1test,9.203,33.357
1,right_hand,1test,2.784,25.263
1,right_hand,1test,-25.2,18.142
1,left_hand,1test,14.942,-41.757
1,left_hand,1test,-15.404,-43.741
1,left_hand,1test,-11.388,22.215
1,right_hand,1test,-18.185,21.518
1,left_hand,1test,-3.636,-55.408
1,left_hand,1test,-19.02,-58.2
1,right_hand,1test,26.847,39.728
1,left_hand,1test,10.618,-81.197
1,left_hand,1test,-23.023,-31.983
1,right_hand,1test,-21.233,26.322
1,left_hand,1test,-31.493,10.335
1,right_hand,1test,57.813,25.394
1,right_hand,1test,23.963,38.581
1,left_hand,1test,34.335,-4.823
1,right_hand,1test,30.048,-0.852
1,left_hand,1test,-17.589,-10.904
1,left_hand,1test,-11.206,-73.149
1,right_hand,1test,-8.657,8.385
1,left_hand,1test,2.083,-59.045
1,right_hand,1test,52.407,14.038
1,right_hand,1test,33.725,5.898
1,right_hand,1test,-3.101,22.559
1,right_hand,1test,-9.592,-5.011
1,right_hand,1test,12.978,37.676
1,left_hand,1test,12.031,-9.258
1,right_hand,1test,-8.107,27.8
1,left_hand,1test,-28.332,20.093
1,left_hand,1test,-13.453,-7.523
1,left_hand,1test,-29.094,-34.642
1,right_hand,1test,8.105,52.461
1,right_hand,1test,-41.882,12.502
1,left_hand,1test,-31.389,28.198
1,right_hand,1test,-29.341,25.344
1,left_hand,1test,-30.415,18.541
1,right_hand,1test,-12.45,22.553
1,left_hand,1test,-32.752,15.201
1,right_hand,1test,12.953,41.03
1,right_hand,1test,-9.53,-0.868
1,right_hand,1test,0.187,23.098
1,left_hand,1test,4.367,-55.363
1,left_hand,1test,-12.55,-58.602
1,right_hand,1test,7.338,32.697
1,left_hand,1test,2.332,-85.899
1,right_hand,1test,-29.356,23.738
1,right_hand,1test,19.937,5.826
1,left_hand,1test,-41.549,3.687
1,left_hand,1test,-1.813,4.597
1,right_hand,1test,23.6,34.0
1,left_hand,1test,-26.692,-45.217
1,right_hand,1test,-39.243,22.115
1,left_hand,1test,-35.311,-3.451
1,left_hand,1test,-37.06,15.845
1,right_hand,1test,-39.645,23.545
1,left_hand,1test,-44.908,10.072
1,left_hand,1test,-32.87,-25.096
1,left_hand,1test,-5.809,-17.657
1,right_hand,1test,-29.544,18.26
1,right_hand,1test,-6.445,21.585
1,right_hand,1test,-11.502,22.879
1,right_hand,1test,-16.816,37.685
1,left_hand,1test,-37.604,6.739
1,right_hand,1test,-15.161,34.381
1,right_hand,1test,-4.371,-0.311
1,right_hand,1test,43.488,46.477
1,left_hand,1test,-25.987,-6.057
1,left_hand,1test,-27.341,5.069
1,left_hand,1test,-14.713,1.561
1,left_hand,1test,-28.908,-4.388
1,left_hand,1test,-22.829,16.393
1,right_hand,1test,39.585,52.101
1,left_hand,1test,-29.871,-22.396
1,right_hand,1test,78.748,66.637
1,right_hand,1test,-29.092,28.065
1,left_hand,1test,-25.137,-22.768
1,right_hand,1test,-6.823,35.591
1,left_hand,1test,-13.397,2.563
1,left_hand,1test,10.543,-37.152
1,right_hand,1test,7.299,28.776
1,right_hand,1test,-15.803,35.844
1,right_hand,1test,1.134,16.01
1,left_hand,1test,-13.714,16.104
1,right_hand,1test,36.665,30.053
1,right_hand,1test,18.273,50.752
1,right_hand,1test,-29.542,33.376
1,right_hand,1test,-20.26,2.962
1,right_hand,1test,-16.228,-1.061
1,left_hand,1test,-32.506,6.499
1,right_hand,1test,9.946,44.882
1,right_hand,1test,-8.535,20.898
1,left_hand,1test,-17.58,-8.649
1,left_hand,1test,-19.072,-16.588
1,left_hand,1test,26.755,22.627
1,left_hand,1test,-26.076,4.242
1,left_hand,1test,-13.786,8.673
1,left_hand,1test,-9.124,-3.538
1,right_hand,1test,-8.277,17.962
1,left_hand,1test,-20.986,-16.211
2,left_hand,0train,-41.05,8.26
2,right_hand,0train,-21.581,34.059
2,right_hand,0train,-33.399,23.162
2,left_hand,0train,-43.296,4.281
2,right_hand,0train,-19.659,36.131
2,left_hand,0train,-26.761,-17.214
2,right_hand,0train,-32.843,25.963
2,right_hand,0train,-20.873,12.139
2,left_hand,0train,-38.465,14.205
2,right_hand,0train,-24.539,11.375
2,left_hand,0train,-37.741,7.209
2,left_hand,0train,-42.167,7.129
2,right_hand,0train,-32.66,23.347
2,left_hand,0train,-43.303,-1.412
2,left_hand,0train,-41.516,-2.751
2,left_hand,0train,-31.846,-2.499
2,left_hand,0train,-31.224,-6.155
2,right_hand,0train,-33.699,19.173
2,left_hand,0train,-27.739,0.102
2,right_hand,0train,-12.594,27.316
2,right_hand,0train,-21.352,26.914
2,left_hand,0train,-39.341,12.997
2,right_hand,0train,-27.422,26.747
2,right_hand,0train,-23.056,27.493
2,right_hand,0train,4.199,43.606
2,left_hand,0train,-31.626,-21.289
2,left_hand,0train,-21.167,-59.07
2,right_hand,0train,-15.532,22.527
2,right_hand,0train,-24.821,26.312
2,left_hand,0train,-19.134,-11.335
2,left_hand,0train,-30.869,-18.123
2,left_hand,0train,9.505,17.523
2,right_hand,0train,-15.929,22.775
2,right_hand,0train,-10.08,11.185
2,left_hand,0train,-34.37,-37.98
2,left_hand,0train,-32.604,-5.694
2,left_hand,0train,-21.071,1.033
2,right_hand,0train,-30.194,23.405
2,left_hand,0train,-31.066,2.003
2,right_hand,0train,10.395,26.3
2,right_hand,0train,-3.857,19.683
2,left_hand,0train,-37.4,0.174
2,right_hand,0train,9.714,23.288
2,left_hand,0train,-22.527,-18.45
2,right_hand,0train,13.344,23.543
2,right_hand,0train,-4.52,16.224
2,right_hand,0train,-29.712,25.784
2,left_hand,0train,-19.915,-6.767
2,left_hand,0train,-31.952,-16.397
2,left_hand,0train,-28.792,-5.095
2,right_hand,0train,-32.487,17.073
2,left_hand,0train,-24.543,-12.875
2,left_hand,0train,-36.341,-24.795
2,right_hand,0train,11.689,36.19
2,left_hand,0train,-31.67,-12.472
2,left_hand,0train,-27.572,-36.181
2,right_hand,0train,30.768,25.272
2,left_hand,0train,-37.12,-8.526
2,right_hand,0train,1.194,27.389
2,right_hand,0train,-14.934,30.25
2,left_hand,0train,-34.956,-2.886
2,right_hand,0train,-6.919,30.566
2,left_hand,0train,-21.044,-31.953
2,left_hand,0train,-26.253,0.101
2,right_hand,0train,-5.435,20.861
2,left_hand,0train,-28.923,7.507
2,right_hand,0train,15.166,37.322
2,right_hand,0train,20.842,27.017
2,right_hand,0train,-31.837,11.756
2,right_hand,0train,-21.535,-1.788
2,right_hand,0train,-7.174,16.688
2,left_hand,0train,-30.316,-20.26
2,right_hand,0train,-33.296,-6.398
2,left_hand,0train,-39.04,2.847
2,left_hand,0train,-36.269,-9.906
2,left_hand,0train,-31.433,-12.405
2,right_hand,0train,-22.055,29.831
2,right_hand,0train,60.929,39.253
2,left_hand,0train,-17.1,-20.101
2,right_hand,0train,5.773,25.307
2,left_hand,0train,-32.69,0.283
2,right_hand,0train,-19.142,18.398
2,left_hand,0train,-36.599,7.006
2,right_hand,0train,-15.752,32.178
2,right_hand,0train,-20.005,24.739
2,right_hand,0train,-2.922,12.449
2,left_hand,0train,-18.221,-12.386
2,left_hand,0train,-38.494,-13.739
2,right_hand,0train,10.16,10.476
2,left_hand,0train,-14.481,-17.197
2,right_hand,0train,-13.227,22.945
2,right_hand,0train,14.395,21.522
2,left_hand,0train,-3.485,-40.057
2,left_hand,0train,-14.856,-26.346
2,right_hand,0train,-17.17,21.321
2,left_hand,0train,-26.626,-9.352
2,right_hand,0train,11.691,25.979
2,left_hand,0train,-40.221,-5.275
2,left_hand,0train,-10.417,3.476
2,right_hand,0train,-32.62,16.74
2,left_hand,0train,-35.49,-11.686
2,left_hand,0train,-14.381,-47.721
2,left_hand,0train,-32.068,-15.579
2,right_hand,0train,12.773,10.908
2,right_hand,0train,9.219,21.212
2,right_hand,0train,1.248,29.776
2,right_hand,0train,-28.433,6.638
2,left_hand,0train,-25.088,-12.52
2,right_hand,0train,12.808,27.418
2,right_hand,0train,-22.631,25.821
2,right_hand,0train,-5.568,23.823
2,left_hand,0train,-26.406,-5.807
2,left_hand,0train,-25.717,-16.429
2,left_hand,0train,-29.251,-9.639
2,left_hand,0train,-21.805,-8.406
2,left_hand,0train,-33.192,4.771
2,right_hand,0train,-5.252,30.577
2,left_hand,0train,-25.292,-36.366
2,right_hand,0train,-22.992,29.024
2,right_hand,0train,20.203,34.258
2,left_hand,0train,-26.561,4.334
2,right_hand,0train,-17.038,31.923
2,left_hand,0train,-22.931,-15.33
2,left_hand,0train,-34.968,-13.651
2,right_hand,0train,-27.174,33.011
2,right_hand,0train,-8.5,20.444
2,right_hand,0train,-34.372,21.381
2,left_hand,0train,-41.646,9.818
2,right_hand,0train,-22.949,17.209
2,right_hand,0train,23.486,30.493
2,right_hand,0train,21.962,30.851
2,right_hand,0train,-15.897,22.257
2,right_hand,0train,-21.359,21.998
2,left_hand,0train,-25.191,-26.49
2,right_hand,0train,-9.962,9.213
2,right_hand,0train,-3.515,15.369
2,left_hand,0train,-30.402,-4.266
2,left_hand,0train,-33.615,-16.464
2,left_hand,0train,-24.991,1.903
2,left_hand,0train,-24.802,-6.46
2,left_hand,0train,-27.054,6.703
2,left_hand,0train,-20.212,-18.329
2,right_hand,0train,-31.49,19.888
2,left_hand,0train,-23.537,-25.983
2,left_hand,1test,-32.727,18.46
2,right_hand,1test,-32.135,29.339
2,right_hand,1test,8.957,37.181
2,left_hand,1test,-30.456,-10.16
2,right_hand,1test,-24.093,23.262
2,left_hand,1test,-25.049,-6.164
2,right_hand,1test,-25.645,25.475
2,right_hand,1test,-36.689,5.265
2,left_hand,1test,-26.519,13.178
2,right_hand,1test,-29.433,20.265
2,left_hand,1test,-22.309,23.847
2,left_hand,1test,-33.822,21.406
2,right_hand,1test,11.084,29.606
2,left_hand,1test,-24.17,15.964
2,left_hand,1test,-39.011,5.939
2,left_hand,1test,-31.526,19.078
2,left_hand,1test,-39.935,11.026
2,right_hand,1test,7.023,25.441
2,left_hand,1test,-5.176,16.879
2,right_hand,1test,-10.64,13.952
2,right_hand,1test,0.528,38.179
2,left_hand,1test,-25.882,-32.844
2,right_hand,1test,-14.202,27.23
2,right_hand,1test,-13.44,27.944
2,right_hand,1test,-38.044,24.358
2,left_hand,1test,-36.77,15.455
2,left_hand,1test,-34.178,17.678
2,right_hand,1test,-37.853,28.523
2,right_hand,1test,-34.202,22.669
2,left_hand,1test,-39.329,11.243
2,left_hand,1test,-39.826,-5.259
2,left_hand,1test,-40.018,14.111
2,right_hand,1test,-37.264,19.815
2,right_hand,1test,-36.964,18.255
2,left_hand,1test,-38.905,15.85
2,left_hand,1test,-36.637,8.488
2,left_hand,1test,-38.134,14.772
2,right_hand,1test,-38.394,21.626
2,left_hand,1test,-40.778,12.234
2,right_hand,1test,-28.908,17.801
2,right_hand,1test,-28.916,19.875
2,left_hand,1test,-38.838,19.629
2,right_hand,1test,-16.89,30.625
2,left_hand,1test,-44.745,16.495
2,right_hand,1test,-21.751,32.18
2,right_hand,1test,-25.984,28.256
2,right_hand,1test,-22.089,27.162
2,left_hand,1test,-27.525,9.366
2,left_hand,1test,-36.628,20.104
2,left_hand,1test,-37.302,18.665
2,right_hand,1test,-37.865,15.817
2,left_hand,1test,-35.525,14.275
2,left_hand,1test,-39.738,21.673
2,right_hand,1test,-37.265,22.477
2,left_hand,1test,-37.722,11.541
2,left_hand,1test,-39.026,8.066
2,right_hand,1test,-41.397,17.445
2,left_hand,1test,-35.746,6.49
2,right_hand,1test,-32.846,23.745
2,right_hand,1test,-32.206,12.001
2,left_hand,1test,-14.247,8.48
2,right_hand,1test,-41.189,13.326
2,left_hand,1test,-32.772,22.674
2,left_hand,1test,-27.56,1.142
2,right_hand,1test,-36.349,17.599
2,left_hand,1test,-36.211,14.017
2,right_hand,1test,-35.033,25.654
2,right_hand,1test,-37.507,4.692
2,right_hand,1test,-26.523,27.61
2,right_hand,1test,-22.124,19.427
2,right_hand,1test,-26.167,9.545
2,left_hand,1test,-36.211,18.033
2,right_hand,1test,-40.575,17.859
2,left_hand,1test,-41.54,15.388
2,left_hand,1test,-30.117,9.166
2,left_hand,1test,-37.407,1.445
2,right_hand,1test,-19.497,12.399
2,right_hand,1test,-21.583,27.761
2,left_hand,1test,-27.819,18.194
2,right_hand,1test,-12.63,22.108
2,left_hand,1test,-35.584,-1.128
2,right_hand,1test,-39.218,12.115
2,left_hand,1test,-33.625,13.87
2,right_hand,1test,-42.121,13.793
2,right_hand,1test,-0.326,26.716
2,right_hand,1test,-26.697,23.726
2,left_hand,1test,-7.156,18.557
2,left_hand,1test,-12.893,15.948
2,right_hand,1test,-17.05,16.111
2,left_hand,1test,-33.067,11.358
2,right_hand,1test,-9.538,24.647
2,right_hand,1test,-29.079,20.804
2,left_hand,1test,-32.7,22.066
2,left_hand,1test,-28.502,12.256
2,right_hand,1test,-27.749,21.263
2,left_hand,1test,-28.304,-1.916
2,right_hand,1test,-34.433,23.238
2,left_hand,1test,-42.198,13.627
2,left_hand,1test,-34.009,6.278
2,right_hand,1test,-36.647,14.03
2,left_hand,1test,-39.875,15.438
2,left_hand,1test,-41.053,3.632
2,left_hand,1test,-35.127,-18.839
2,right_hand,1test,-40.071,16.299
2,right_hand,1test,-42.357,11.402
2,right_hand,1test,-33.131,13.009
2,right_hand,1test,-40.396,15.874
2,left_hand,1test,-31.069,-4.648
2,right_hand,1test,-4.349,27.813
2,right_hand,1test,-35.82,21.117
2,right_hand,1test,-33.439,21.55
2,left_hand,1test,-34.949,7.802
2,left_hand,1test,-8.979,14.299
2,left_hand,1test,-3.684,-0.483
2,left_hand,1test,-35.784,15.126
2,left_hand,1test,-20.149,13.479
2,right_hand,1test,-23.291,15.834
2,left_hand,1test,-27.106,4.76
2,right_hand,1test,-30.088,21.157
2,right_hand,1test,-28.787,17.944
2,left_hand,1test,-42.397,17.531
2,right_hand,1test,-31.783,15.159
2,left_hand,1test,-32.373,-8.72
2,left_hand,1test,-39.961,11.988
2,right_hand,1test,-13.323,39.502
2,right_hand,1test,-31.362,14.207
2,right_hand,1test,-30.119,19.198
2,left_hand,1test,-32.302,5.695
2,right_hand,1test,-8.852,15.482
2,right_hand,1test,-9.798,14.791
2,right_hand,1test,-29.237,-0.699
2,right_hand,1test,-28.024,-0.445
2,right_hand,1test,-34.999,-0.524
2,left_hand,1test,-34.692,-3.642
2,right_hand,1test,38.79,34.005
2,right_hand,1test,-24.261,-8.289
2,left_hand,1test,-35.234,3.367
2,left_hand,1test,-9.58,-0.416
2,left_hand,1test,3.526,19.911
2,left_hand,1test,-37.585,-1.35
2,left_hand,1test,-26.824,-9.093
2,left_hand,1test,-26.276,-8.206
2,right_hand,1test,-12.433,9.939
2,left_hand,1test,-7.35,11.317
3,left_hand,0train,-25.211,-25.267
3,right_hand,0train,6.072,22.455
3,right_hand,0train,28.32,37.752
3,left_hand,0train,-7.763,-41.428
3,right_hand,0train,26.815,26.829
3,left_hand,0train,-12.708,-41.609
3,right_hand,0train,20.384,20.474
3,right_hand,0train,-7.032,8.19
3,left_hand,0train,-2.516,-33.592
3,right_hand,0train,59.194,-10.26
3,left_hand,0train,-15.628,-60.552
3,left_hand,0train,-14.953,-30.538
3,right_hand,0train,32.453,20.064
3,left_hand,0train,-10.347,-68.577
3,left_hand,0train,-3.631,-50.211
3,left_hand,0train,0.651,-47.805
3,left_hand,0train,-11.915,-17.912
3,right_hand,0train,58.38,44.222
3,left_hand,0train,5.712,-29.526
3,right_hand,0train,54.162,33.014
3,right_hand,0train,6.853,20.36
3,left_hand,0train,-1.289,-74.604
3,right_hand,0train,50.257,39.683
3,right_hand,0train,11.585,20.368
3,right_hand,0train,8.22,35.84
3,left_hand,0train,-19.222,-25.132
3,left_hand,0train,-13.147,-24.635
3,right_hand,0train,36.793,51.317
3,right_hand,0train,39.807,4.746
3,left_hand,0train,-26.058,-22.521
3,left_hand,0train,-10.524,-76.89
3,left_hand,0train,23.484,-39.761
3,right_hand,0train,7.009,29.018
3,right_hand,0train,36.572,21.596
3,left_hand,0train,-1.425,-53.851
3,left_hand,0train,-0.03,-31.737
3,left_hand,0train,8.576,-59.753
3,right_hand,0train,55.085,42.532
3,left_hand,0train,8.709,-63.526
3,right_hand,0train,-6.959,36.784
3,right_hand,0train,40.798,11.394
3,left_hand,0train,7.79,-64.462
3,right_hand,0train,49.492,3.918
3,left_hand,0train,-24.972,-30.927
3,right_hand,0train,36.564,11.721
3,right_hand,0train,32.474,36.115
3,right_hand,0train,29.099,34.665
3,left_hand,0train,-16.389,-52.562
3,left_hand,0train,-31.882,-16.408
3,left_hand,0train,-25.104,-24.708
3,right_hand,0train,44.328,22.845
3,left_hand,0train,-8.358,-23.789
3,left_hand,0train,-2.526,-10.048
3,right_hand,0train,43.117,18.471
3,left_hand,0train,-14.342,-29.081
3,left_hand,0train,-9.574,-36.688
3,right_hand,0train,42.82,31.47
3,left_hand,0train,-29.471,-6.397
3,right_hand,0train,60.133,8.634
3,right_hand,0train,51.256,47.17
3,left_hand,0train,14.407,-36.848
3,right_hand,0train,38.304,7.882
3,left_hand,0train,6.19,-51.0
3,left_hand,0train,8.658,-20.666
3,right_hand,0train,-13.319,30.525
3,left_hand,0train,-2.6,-65.414
3,right_hand,0train,31.46,13.222
3,right_hand,0train,45.252,16.772
3,right_hand,0train,18.682,10.767
3,right_hand,0train,32.402,17.929
3,right_hand,0train,32.24,25.762
3,left_hand,0train,3.757,-46.873
3,right_hand,0train,40.851,24.535
3,left_hand,0train,1.704,-34.719
3,left_hand,0train,14.339,-55.746
3,left_hand,0train,6.267,-43.149
3,right_hand,0train,16.41,36.38
3,right_hand,0train,27.272,20.38
3,left_hand,0train,8.633,-42.263
3,right_hand,0train,-1.18,19.874
3,left_hand,0train,1.428,-73.71
3,right_hand,0train,35.742,22.658
3,left_hand,0train,13.349,-63.038
3,right_hand,0train,34.491,18.232
3,right_hand,0train,51.391,-3.233
3,right_hand,0train,44.013,-0.892
3,left_hand,0train,2.53,-64.266
3,left_hand,0train,-0.115,-25.43
3,right_hand,0train,77.345,-3.237
3,left_hand,0train,-1.348,-28.119
3,right_hand,0train,9.346,23.388
3,right_hand,0train,69.391,2.659
3,left_hand,0train,-0.567,-35.298
3,left_hand,0train,-6.768,-42.821
3,right_hand,0train,57.622,20.873
3,left_hand,0train,-14.868,-38.015
3,right_hand,0train,2.739,29.161
3,left_hand,0train,-22.802,-31.822
3,left_hand,0train,-25.111,-26.561
3,right_hand,0train,64.833,26.196
3,left_hand,0train,-18.908,-25.811
3,left_hand,0train,-3.786,-33.505
3,left_hand,0train,-4.446,-48.599
3,right_hand,0train,23.005,31.122
3,right_hand,0train,57.304,43.549
3,right_hand,0train,27.591,23.734
3,right_hand,0train,54.219,19.7
3,left_hand,0train,15.215,-32.764
3,right_hand,0train,45.1,-16.774
3,right_hand,0train,39.98,31.987
3,right_hand,0train,38.185,4.015
3,left_hand,0train,-12.339,-22.382
3,left_hand,0train,-22.825,-32.587
3,left_hand,0train,-10.086,-41.652
3,left_hand,0train,13.71,-70.198
3,left_hand,0train,18.239,-45.732
3,right_hand,0train,59.284,12.939
3,left_hand,0train,3.608,-56.325
3,right_hand,0train,71.964,39.764
3,right_hand,0train,46.732,21.65
3,left_hand,0train,-17.347,-12.674
3,right_hand,0train,79.9,43.719
3,left_hand,0train,17.845,-63.201
3,left_hand,0train,16.954,-73.312
3,right_hand,0train,46.088,5.04
3,right_hand,0train,44.721,12.475
3,right_hand,0train,48.269,4.104
3,left_hand,0train,8.212,-57.752
3,right_hand,0train,62.206,16.994
3,right_hand,0train,50.586,15.29
3,right_hand,0train,37.831,23.084
3,right_hand,0train,52.376,12.221
3,right_hand,0train,30.488,11.167
3,left_hand,0train,-8.464,-36.162
3,right_hand,0train,54.683,27.727
3,right_hand,0train,34.867,23.856
3,left_hand,0train,-7.971,-39.132
3,left_hand,0train,10.373,-53.252
3,left_hand,0train,3.263,-46.939
3,left_hand,0train,3.37,-37.07
3,left_hand,0train,35.799,-59.424
3,left_hand,0train,9.33,-25.114
3,right_hand,0train,62.941,35.418
3,left_hand,0train,12.798,-44.978
3,left_hand,1test,-36.784,9.318
3,right_hand,1test,17.016,31.473
3,right_hand,1test,-6.826,31.181
3,left_hand,1test,-18.037,-21.056
3,right_hand,1test,19.584,20.707
3,left_hand,1test,-18.875,-30.233
3,right_hand,1test,28.352,7.193
3,right_hand,1test,10.802,29.495
3,left_hand,1test,-12.106,-29.813
3,right_hand,1test,8.224,20.698
3,left_hand,1test,6.448,-40.525
3,left_hand,1test,-1.384,-19.846
3,right_hand,1test,4.401,27.844
3,left_hand,1test,5.562,-57.389
3,left_hand,1test,-21.104,-20.697
3,left_hand,1test,-30.671,12.541
3,left_hand,1test,1.537,-39.067
3,right_hand,1test,3.654,1.353
3,left_hand,1test,-2.164,-30.857
3,right_hand,1test,17.458,20.454
3,right_hand,1test,15.141,-5.149
3,left_hand,1test,-13.414,-42.044
3,right_hand,1test,20.036,4.624
3,right_hand,1test,23.804,-9.256
3,right_hand,1test,10.015,8.663
3,left_hand,1test,7.624,-55.67
3,left_hand,1test,-11.254,-43.43
3,right_hand,1test,15.489,40.877
3,right_hand,1test,45.706,16.306
3,left_hand,1test,33.25,-33.928
3,left_hand,1test,16.641,-40.075
3,left_hand,1test,-5.899,-45.709
3,right_hand,1test,21.615,10.195
3,right_hand,1test,43.1,37.103
3,left_hand,1test,-3.367,-28.134
3,left_hand,1test,3.701,-50.233
3,left_hand,1test,-5.824,-18.401
3,right_hand,1test,62.979,36.776
3,left_hand,1test,-0.757,-31.5
3,right_hand,1test,36.218,14.835
3,right_hand,1test,14.198,-1.803
3,left_hand,1test,-0.775,-71.337
3,right_hand,1test,38.899,3.392
3,left_hand,1test,18.258,-34.916
3,right_hand,1test,30.13,-2.313
3,right_hand,1test,46.039,6.683
3,right_hand,1test,49.332,-0.991
3,left_hand,1test,4.06,-59.486
3,left_hand,1test,-9.904,-26.262
3,left_hand,1test,-4.57,-46.289
3,right_hand,1test,19.134,14.361
3,left_hand,1test,-19.692,-45.935
3,left_hand,1test,-11.696,-58.582
3,right_hand,1test,40.563,11.886
3,left_hand,1test,43.724,-41.579
3,left_hand,1test,6.726,-32.043
3,right_hand,1test,31.905,3.794
3,left_hand,1test,19.125,-15.492
3,right_hand,1test,67.278,33.691
3,right_hand,1test,34.602,28.854
3,left_hand,1test,-9.078,-23.623
3,right_hand,1test,31.055,28.875
3,left_hand,1test,8.524,-64.873
3,left_hand,1test,0.112,-18.848
3,right_hand,1test,27.708,33.913
3,left_hand,1test,-19.853,-19.649
3,right_hand,1test,56.018,28.196
3,right_hand,1test,15.999,-25.919
3,right_hand,1test,0.031,6.144
3,right_hand,1test,47.612,23.609
3,right_hand,1test,58.62,33.932
3,left_hand,1test,30.97,-24.968
3,right_hand,1test,-27.11,12.531
3,left_hand,1test,-9.605,-48.38
3,left_hand,1test,15.39,4.376
3,left_hand,1test,-3.688,-24.475
3,right_hand,1test,44.451,38.706
3,right_hand,1test,30.148,36.742
3,left_hand,1test,4.616,-31.436
3,right_hand,1test,28.418,5.288
3,left_hand,1test,33.625,-36.563
3,right_hand,1test,23.169,28.52
3,left_hand,1test,8.825,-15.027
3,right_hand,1test,37.702,21.434
3,right_hand,1test,69.389,20.185
3,right_hand,1test,60.318,36.042
3,left_hand,1test,18.977,-45.562
3,left_hand,1test,32.966,-51.253
3,right_hand,1test,48.558,20.66
3,left_hand,1test,-18.447,-1.776
3,right_hand,1test,7.664,-0.18
3,right_hand,1test,12.268,14.757
3,left_hand,1test,16.517,-21.54
3,left_hand,1test,11.312,-34.47
3,right_hand,1test,56.07,41.098
3,left_hand,1test,-6.448,-54.661
3,right_hand,1test,-17.206,9.259
3,left_hand,1test,22.589,-37.095
3,left_hand,1test,3.483,-55.019
3,right_hand,1test,34.296,34.982
3,left_hand,1test,37.341,-16.821
3,left_hand,1test,-10.148,-41.215
3,left_hand,1test,1.099,-15.154
3,right_hand,1test,28.23,-1.655
3,right_hand,1test,31.069,34.201
3,right_hand,1test,63.529,20.83
3,right_hand,1test,41.634,36.785
3,left_hand,1test,-0.725,-28.748
3,right_hand,1test,48.791,25.969
3,right_hand,1test,62.646,17.755
3,right_hand,1test,37.657,19.705
3,left_hand,1test,2.031,-34.759
3,left_hand,1test,32.251,-38.308
3,left_hand,1test,16.997,-36.058
3,left_hand,1test,11.665,-38.092
3,left_hand,1test,-13.816,-19.705
3,right_hand,1test,12.423,1.894
3,left_hand,1test,3.163,-56.917
3,right_hand,1test,35.296,1.795
3,right_hand,1test,64.361,12.899
3,left_hand,1test,-11.476,-41.497
3,right_hand,1test,25.272,27.944
3,left_hand,1test,4.481,-35.339
3,left_hand,1test,2.033,-30.06
3,right_hand,1test,27.157,16.946
3,right_hand,1test,56.424,-5.599
3,right_hand,1test,48.53,-2.408
3,left_hand,1test,8.749,-52.243
3,right_hand,1test,41.059,-1.297
3,right_hand,1test,45.1,11.895
3,right_hand,1test,45.719,12.2
3,right_hand,1test,70.471,42.419
3,right_hand,1test,29.259,-12.701
3,left_hand,1test,1.454,-38.29
3,right_hand,1test,78.611,40.135
3,right_hand,1test,20.928,-30.274
3,left_hand,1test,40.024,-42.338
3,left_hand,1test,3.529,-53.554
3,left_hand,1test,3.208,-15.363
3,left_hand,1test,1.856,-48.047
3,left_hand,1test,16.115,-64.092
3,left_hand,1test,22.695,-28.624
3,right_hand,1test,29.008,5.523
3,left_hand,1test,26.341,-21.079
4,left_hand,0train,-39.923,3.193
4,left_hand,0train,-35.684,-4.105
4,left_hand,0train,-21.433,-20.266
4,right_hand,0train,-28.29,17.123
4,left_hand,0train,-28.784,-20.027
4,left_hand,0train,-26.943,0.122
4,right_hand,0train,-23.652,32.701
4,right_hand,0train,8.29,31.635
4,right_hand,0train,15.998,34.459
4,left_hand,0train,-31.603,-3.242
4,right_hand,0train,-7.407,37.344
4,right_hand,0train,-7.951,21.97
4,left_hand,0train,-30.869,-5.241
4,left_hand,0train,-34.395,-2.345
4,right_hand,0train,34.846,41.817
4,right_hand,0train,14.773,39.421
4,left_hand,0train,-38.804,3.809
4,left_hand,0train,-21.279,-11.629
4,right_hand,0train,-19.798,29.213
4,right_hand,0train,-9.568,26.04
4,right_hand,0train,-6.363,27.252
4,left_hand,0train,-38.366,14.264
4,left_hand,0train,-22.098,-17.189
4,right_hand,0train,-6.567,31.948
4,right_hand,0train,-31.926,24.397
4,right_hand,0train,20.287,34.505
4,left_hand,0train,-24.093,-13.167
4,right_hand,0train,-35.101,32.52
4,left_hand,0train,-24.361,-34.149
4,left_hand,0train,-15.819,-7.76
4,left_hand,0train,-29.483,-6.45
4,right_hand,0train,21.978,40.18
4,left_hand,0train,-29.325,-7.649
4,left_hand,0train,-16.048,-13.507
4,right_hand,0train,-7.27,37.255
4,left_hand,0train,-37.853,-1.256
4,left_hand,0train,-21.484,-19.855
4,right_hand,0train,2.066,27.26
4,right_hand,0train,9.369,29.556
4,left_hand,0train,-18.415,7.09
4,left_hand,0train,-35.111,-8.465
4,right_hand,0train,17.452,37.513
4,right_hand,0train,19.283,31.71
4,right_hand,0train,-5.643,32.644
4,left_hand,0train,-20.255,2.941
4,right_hand,0train,1.825,25.084
4,right_hand,0train,14.783,25.517
4,left_hand,0train,-31.257,3.328
4,left_hand,0train,-29.612,5.805
4,right_hand,0train,-26.674,26.669
4,right_hand,0train,3.96,23.15
4,left_hand,0train,-30.794,7.984
4,right_hand,0train,-0.139,33.53
4,left_hand,0train,-22.614,3.246
4,right_hand,0train,24.29,45.891
4,right_hand,0train,-2.213,43.143
4,left_hand,0train,-30.042,-18.956
4,right_hand,0train,3.292,37.72
4,left_hand,0train,-19.914,5.586
4,left_hand,0train,-34.64,-2.498
4,right_hand,0train,28.39,34.544
4,left_hand,0train,-27.038,13.662
4,left_hand,0train,-15.174,-35.559
4,left_hand,0train,-33.616,-13.151
4,left_hand,0train,-28.284,12.607
4,right_hand,0train,-5.707,28.062
4,left_hand,0train,-1.115,-24.875
4,right_hand,0train,28.357,37.617
4,right_hand,0train,21.177,37.762
4,left_hand,0train,-45.335,13.545
4,right_hand,0train,-3.415,32.754
4,right_hand,0train,25.472,38.022
4,right_hand,0train,-12.771,20.57
4,left_hand,0train,-30.084,-7.643
4,left_hand,0train,-31.997,8.58
4,right_hand,0train,-13.104,28.352
4,right_hand,0train,15.728,15.644
4,left_hand,0train,4.161,-15.93
4,left_hand,0train,-22.716,-8.972
4,left_hand,0train,-28.401,-5.454
4,right_hand,0train,21.796,25.774
4,right_hand,0train,-7.558,17.394
4,left_hand,0train,-23.372,-11.741
4,left_hand,0train,-14.675,-12.216
4,left_hand,0train,-21.647,5.026
4,right_hand,0train,11.345,27.448
4,left_hand,0train,-31.778,-1.398
4,right_hand,0train,2.43,17.058
4,right_hand,0train,-12.733,19.53
4,left_hand,0train,-37.161,12.954
4,right_hand,0train,6.486,37.467
4,left_hand,0train,-26.674,1.199
4,right_hand,0train,21.612,36.328
4,right_hand,0train,17.479,37.671
4,right_hand,0train,-19.984,18.618
4,left_hand,0train,-32.954,10.143
4,left_hand,0train,-33.876,9.77
4,left_hand,0train,-30.561,-5.547
4,right_hand,0train,34.147,10.92
4,left_hand,0train,-32.788,-11.932
4,left_hand,0train,-29.186,20.916
4,right_hand,0train,19.686,36.189
4,left_hand,0train,-32.363,10.724
4,left_hand,0train,-24.125,15.946
4,right_hand,0train,27.652,26.549
4,left_hand,0train,-44.249,3.06
4,right_hand,0train,-17.06,33.649
4,right_hand,0train,6.604,38.605
4,left_hand,0train,-27.014,9.272
4,right_hand,0train,-14.369,30.522
4,left_hand,0train,-33.456,-2.181
4,left_hand,0train,-20.732,-21.889
4,right_hand,0train,2.73,41.919
4,left_hand,0train,-40.496,8.414
4,right_hand,0train,24.371,48.199
4,right_hand,0train,10.11,39.591
4,right_hand,0train,54.537,24.644
4,right_hand,0train,24.412,36.207
4,right_hand,0train,13.033,35.087
4,left_hand,0train,-30.262,6.641
4,right_hand,0train,-33.65,18.304
4,left_hand,0train,-25.77,-29.65
4,left_hand,0train,-20.636,6.286
4,left_hand,0train,-34.548,-15.76
4,right_hand,0train,10.173,25.416
4,right_hand,0train,8.408,35.327
4,left_hand,0train,-28.861,2.629
4,right_hand,0train,2.661,33.921
4,left_hand,0train,-18.772,-2.47
4,right_hand,0train,0.972,28.478
4,left_hand,0train,-20.71,-16.243
4,right_hand,0train,-6.127,27.481
4,right_hand,0train,8.961,33.121
4,right_hand,0train,27.19,31.72
4,left_hand,0train,-11.489,-44.409
4,left_hand,0train,-20.557,-17.776
4,right_hand,0train,10.556,25.91
4,left_hand,0train,5.219,22.281
4,right_hand,0train,12.31,40.974
4,right_hand,0train,-1.018,24.627
4,left_hand,0train,-27.496,-27.116
4,left_hand,0train,-36.882,5.809
4,right_hand,0train,-6.47,34.732
4,left_hand,0train,-22.198,22.703
4,right_hand,1test,-12.636,32.833
4,left_hand,1test,-21.127,24.54
4,left_hand,1test,-8.112,12.622
4,right_hand,1test,-32.374,13.275
4,right_hand,1test,-7.776,27.241
4,left_hand,1test,-32.991,20.528
4,left_hand,1test,-31.604,16.374
4,left_hand,1test,-32.025,17.096
4,right_hand,1test,-34.686,14.026
4,right_hand,1test,2.832,34.985
4,left_hand,1test,-31.493,9.908
4,left_hand,1test,-32.486,-1.124
4,left_hand,1test,-9.681,10.419
4,right_hand,1test,-24.761,8.501
4,left_hand,1test,-38.304,10.37
4,right_hand,1test,-26.687,20.419
4,right_hand,1test,-27.253,29.105
4,left_hand,1test,-24.466,11.905
4,right_hand,1test,-24.072,9.843
4,left_hand,1test,-12.427,27.315
4,right_hand,1test,-13.18,28.39
4,right_hand,1test,-11.79,26.926
4,right_hand,1test,-9.201,33.925
4,left_hand,1test,2.769,-14.714
4,left_hand,1test,-41.333,17.533
4,left_hand,1test,-40.319,21.096
4,right_hand,1test,-25.657,31.126
4,left_hand,1test,-26.141,-14.971
4,left_hand,1test,-15.983,0.386
4,right_hand,1test,-34.183,21.597
4,left_hand,1test,-33.12,22.174
4,left_hand,1test,-27.547,3.029
4,right_hand,1test,-8.424,40.076
4,left_hand,1test,-32.446,14.656
4,right_hand,1test,-21.565,15.482
4,right_hand,1test,-8.021,31.555
4,left_hand,1test,-41.603,18.63
4,right_hand,1test,-35.446,31.117
4,left_hand,1test,-30.572,-5.94
4,left_hand,1test,-19.162,19.622
4,right_hand,1test,23.68,46.335
4,left_hand,1test,-18.376,1.349
4,right_hand,1test,-7.033,33.104
4,right_hand,1test,-23.248,22.965
4,right_hand,1test,-19.559,23.892
4,right_hand,1test,-16.75,24.994
4,right_hand,1test,-19.495,14.348
4,left_hand,1test,-24.442,3.066
4,right_hand,1test,-24.082,26.205
4,left_hand,1test,-34.846,15.69
4,left_hand,1test,-19.432,14.31
4,left_hand,1test,-12.797,24.752
4,right_hand,1test,-8.313,30.167
4,right_hand,1test,-44.828,7.689
4,left_hand,1test,-30.639,25.977
4,right_hand,1test,16.339,40.708
4,left_hand,1test,-37.139,13.808
4,right_hand,1test,-22.442,7.802
4,left_hand,1test,1.748,15.064
4,right_hand,1test,-21.48,22.645
4,right_hand,1test,-11.448,26.222
4,right_hand,1test,-26.475,6.936
4,left_hand,1test,-32.795,13.072
4,left_hand,1test,-3.318,14.89
4,right_hand,1test,10.291,35.593
4,left_hand,1test,-17.664,24.575
4,right_hand,1test,11.996,37.748
4,right_hand,1test,5.551,13.682
4,left_hand,1test,-40.779,4.107
4,left_hand,1test,9.815,8.887
4,right_hand,1test,10.051,27.212
4,left_hand,1test,-2.85,4.364
4,right_hand,1test,10.166,25.699
4,left_hand,1test,-35.361,13.479
4,left_hand,1test,-34.317,15.45
4,right_hand,1test,-5.124,23.274
4,left_hand,1test,-9.999,33.76
4,left_hand,1test,-29.254,-23.692
4,left_hand,1test,-32.948,7.887
4,right_hand,1test,-32.949,26.757
4,right_hand,1test,24.42,6.493
4,right_hand,1test,3.474,43.119
4,right_hand,1test,-9.598,10.161
4,left_hand,1test,-18.897,22.164
4,right_hand,1test,-7.391,-22.602
4,right_hand,1test,-24.86,18.557
4,right_hand,1test,-4.678,22.147
4,left_hand,1test,-27.512,4.875
4,left_hand,1test,-7.31,3.954
4,left_hand,1test,11.386,-22.569
4,left_hand,1test,-22.501,-21.752
4,left_hand,1test,-6.506,16.021
4,right_hand,1test,25.695,45.24
4,left_hand,1test,-17.7,9.742
4,right_hand,1test,27.098,33.478
4,right_hand,1test,8.701,6.94
4,left_hand,1test,-34.44,11.89
4,right_hand,1test,-20.113,29.769
4,left_hand,1test,-10.489,-11.904
4,left_hand,1test,-20.807,2.62
4,right_hand,1test,-17.279,26.047
4,right_hand,1test,-24.155,15.773
4,right_hand,1test,-20.705,16.832
4,left_hand,1test,-41.012,-4.049
4,right_hand,1test,28.392,50.637
4,right_hand,1test,-6.728,30.002
4,right_hand,1test,10.693,31.58
4,right_hand,1test,27.247,41.353
4,right_hand,1test,-7.985,25.367
4,left_hand,1test,-15.947,0.213
4,right_hand,1test,11.424,9.26
4,right_hand,1test,15.062,27.103
4,left_hand,1test,-15.828,0.725
4,left_hand,1test,-10.955,21.511
4,left_hand,1test,-15.322,31.647
4,left_hand,1test,-26.688,26.376
4,left_hand,1test,-11.219,-1.342
4,left_hand,1test,-23.876,15.38
4,right_hand,1test,0.414,37.732
4,left_hand,1test,21.555,3.188
4,left_hand,1test,-24.818,22.512
4,right_hand,1test,-21.711,20.729
4,right_hand,1test,-3.423,27.634
4,left_hand,1test,-35.89,-6.117
4,right_hand,1test,-1.57,26.374
4,right_hand,1test,9.283,34.486
4,right_hand,1test,27.522,38.069
4,right_hand,1test,3.844,30.592
4,right_hand,1test,-5.291,33.208
4,left_hand,1test,-20.634,-15.236
4,left_hand,1test,-11.934,3.675
4,left_hand,1test,-11.971,1.297
4,left_hand,1test,-15.442,19.773
4,right_hand,1test,19.588,34.03
4,right_hand,1test,38.406,38.49
4,left_hand,1test,-17.236,14.992
4,left_hand,1test,26.383,21.487
4,left_hand,1test,-16.904,-26.301
4,right_hand,1test,-30.349,25.458
4,right_hand,1test,1.278,20.451
4,left_hand,1test,-24.031,-15.642
4,left_hand,1test,-11.955,-1.067
4,right_hand,1test,-8.299,29.985
4,left_hand,1test,-1.102,5.811
5,left_hand,0train,-41.305,17.42
5,right_hand,0train,-41.694,39.389
5,right_hand,0train,-43.04,32.183
5,left_hand,0train,-45.621,17.017
5,right_hand,0train,-49.474,32.134
5,left_hand,0train,-42.328,14.482
5,right_hand,0train,-42.57,15.664
5,right_hand,0train,-35.339,33.732
5,left_hand,0train,-43.158,16.495
5,right_hand,0train,-38.14,32.983
5,left_hand,0train,-42.403,-4.481
5,left_hand,0train,-41.413,13.288
5,right_hand,0train,-40.883,32.423
5,left_hand,0train,-43.16,6.697
5,left_hand,0train,-43.036,-22.209
5,left_hand,0train,-46.587,5.852
5,left_hand,0train,-40.162,7.779
5,right_hand,0train,-37.821,19.849
5,left_hand,0train,-36.028,3.477
5,right_hand,0train,-38.39,25.496
5,right_hand,0train,-24.795,33.008
5,left_hand,0train,-38.006,-5.799
5,right_hand,0train,-37.709,24.347
5,right_hand,0train,-28.156,24.016
5,right_hand,0train,-30.886,29.611
5,left_hand,0train,-45.614,13.58
5,left_hand,0train,-31.941,1.686
5,right_hand,0train,-40.858,19.335
5,right_hand,0train,-30.759,22.059
5,left_hand,0train,-42.619,2.32
5,left_hand,0train,-34.932,-14.38
5,left_hand,0train,-40.972,-9.283
5,right_hand,0train,-38.329,34.679
5,right_hand,0train,-38.389,29.74
5,left_hand,0train,-45.273,7.496
5,left_hand,0train,-36.417,-1.878
5,left_hand,0train,-31.885,2.421
5,right_hand,0train,-46.291,28.026
5,left_hand,0train,-52.687,2.526
5,right_hand,0train,-42.209,26.406
5,right_hand,0train,-32.608,32.492
5,left_hand,0train,-43.837,-7.856
5,right_hand,0train,-38.758,28.3
5,left_hand,0train,-44.795,8.599
5,right_hand,0train,-32.417,17.51
5,right_hand,0train,-36.817,36.073
5,right_hand,0train,-31.877,22.848
5,left_hand,0train,-44.476,0.565
5,left_hand,0train,-52.828,21.144
5,left_hand,0train,-41.405,14.964
5,right_hand,0train,-36.847,26.815
5,left_hand,0train,-41.256,11.747
5,left_hand,0train,-36.968,-9.331
5,right_hand,0train,-41.619,33.882
5,left_hand,0train,-47.697,2.75
5,left_hand,0train,-39.449,-18.734
5,right_hand,0train,-31.35,27.977
5,left_hand,0train,-40.258,11.525
5,right_hand,0train,-36.122,21.811
5,right_hand,0train,-40.805,25.01
5,left_hand,0train,-40.963,17.664
5,right_hand,0train,-40.904,28.414
5,left_hand,0train,-52.152,10.303
5,left_hand,0train,-44.566,15.8
5,right_hand,0train,-12.379,23.444
5,left_hand,0train,-49.551,17.613
5,right_hand,0train,-27.728,21.295
5,right_hand,0train,-36.487,21.548
5,right_hand,0train,-41.37,22.601
5,right_hand,0train,-26.217,27.839
5,right_hand,0train,-25.951,23.235
5,left_hand,0train,-49.449,19.815
5,right_hand,0train,-32.525,30.428
5,left_hand,0train,-50.11,20.077
5,left_hand,0train,-45.212,10.562
5,left_hand,0train,-45.881,15.904
5,right_hand,0train,-30.24,34.254
5,right_hand,0train,-35.407,38.147
5,left_hand,0train,-47.53,17.407
5,right_hand,0train,-40.766,30.925
5,left_hand,0train,-46.325,6.199
5,right_hand,0train,-23.732,26.234
5,left_hand,0train,-43.029,7.777
5,right_hand,0train,-38.278,26.206
5,right_hand,0train,-33.172,29.145
5,right_hand,0train,-35.274,20.519
5,left_hand,0train,-46.005,15.458
5,left_hand,0train,-45.148,5.068
5,right_hand,0train,-33.495,29.001
5,left_hand,0train,-41.133,-5.59
5,right_hand,0train,-44.952,22.549
5,right_hand,0train,-41.784,32.518
5,left_hand,0train,-24.077,4.743
5,left_hand,0train,-49.475,11.889
5,right_hand,0train,-48.194,25.708
5,left_hand,0train,-32.793,-2.28
5,right_hand,0train,-37.029,29.556
5,left_hand,0train,-48.935,18.793
5,left_hand,0train,-48.925,12.598
5,right_hand,0train,-32.381,38.91
5,left_hand,0train,-44.167,16.476
5,left_hand,0train,-42.731,25.038
5,left_hand,0train,-45.904,14.236
5,right_hand,0train,-31.298,27.028
5,right_hand,0train,-35.473,21.861
5,right_hand,0train,-37.407,21.591
5,right_hand,0train,-41.224,34.99
5,left_hand,0train,-48.275,15.802
5,right_hand,0train,-21.823,35.902
5,right_hand,0train,-41.242,36.568
5,right_hand,0train,-44.949,30.535
5,left_hand,0train,-47.022,8.111
5,left_hand,0train,-44.724,9.108
5,left_hand,0train,-49.848,8.197
5,left_hand,0train,-46.418,12.626
5,left_hand,0train,-44.644,19.78
5,right_hand,0train,-36.633,30.128
5,left_hand,0train,-40.209,-12.955
5,right_hand,0train,-30.137,30.396
5,right_hand,0train,-41.091,29.243
5,left_hand,0train,-43.717,7.257
5,right_hand,0train,-28.167,26.786
5,left_hand,0train,-43.639,12.254
5,left_hand,0train,-42.416,5.594
5,right_hand,0train,-33.142,25.368
5,right_hand,0train,-36.115,30.692
5,right_hand,0train,-38.81,25.924
5,left_hand,0train,-47.086,12.371
5,right_hand,0train,-44.642,24.854
5,right_hand,0train,-24.189,26.945
5,right_hand,0train,-37.249,27.88
5,right_hand,0train,-33.846,26.201
5,right_hand,0train,-33.386,29.205
5,left_hand,0train,-39.516,9.172
5,right_hand,0train,-40.034,38.688
5,right_hand,0train,-40.904,20.401
5,left_hand,0train,-45.065,12.919
5,left_hand,0train,-50.77,17.211
5,left_hand,0train,-46.243,6.713
5,left_hand,0train,-44.178,5.222
5,left_hand,0train,-47.596,12.445
5,left_hand,0train,-45.312,20.778
5,right_hand,0train,-26.548,27.654
5,left_hand,0train,-45.883,2.303
5,left_hand,1test,-44.829,18.278
5,right_hand,1test,-48.707,24.674
5,right_hand,1test,-47.227,23.182
5,left_hand,1test,-53.046,28.535
5,right_hand,1test,-44.934,27.193
5,left_hand,1test,-52.038,9.544
5,right_hand,1test,-46.48,27.229
5,right_hand,1test,-45.44,19.917
5,left_hand,1test,-49.605,21.578
5,right_hand,1test,-43.468,22.531
5,left_hand,1test,-49.933,2.673
5,left_hand,1test,-47.529,23.801
5,right_hand,1test,-41.748,21.241
5,left_hand,1test,-43.242,14.953
5,left_hand,1test,-36.62,-6.968
5,left_hand,1test,-48.51,14.29
5,left_hand,1test,-46.71,11.123
5,right_hand,1test,-45.425,27.696
5,left_hand,1test,-50.131,18.878
5,right_hand,1test,-43.621,33.003
5,right_hand,1test,-45.612,15.291
5,left_hand,1test,-45.388,9.19
5,right_hand,1test,-42.768,24.469
5,right_hand,1test,-39.309,30.285
5,right_hand,1test,-48.924,26.45
5,left_hand,1test,-47.967,14.146
5,left_hand,1test,-54.006,6.593
5,right_hand,1test,-47.976,27.687
5,right_hand,1test,-49.748,26.549
5,left_hand,1test,-47.311,18.221
5,left_hand,1test,-47.581,15.587
5,left_hand,1test,-49.868,15.47
5,right_hand,1test,-41.174,21.429
5,right_hand,1test,-49.07,24.288
5,left_hand,1test,-52.865,16.626
5,left_hand,1test,-53.959,17.146
5,left_hand,1test,-41.555,9.524
5,right_hand,1test,-44.497,27.254
5,left_hand,1test,-49.758,7.221
5,right_hand,1test,-48.782,20.642
5,right_hand,1test,-46.754,23.012
5,left_hand,1test,-47.899,2.637
5,right_hand,1test,-46.716,23.379
5,left_hand,1test,-52.292,17.26
5,right_hand,1test,-39.598,28.615
5,right_hand,1test,-43.7,22.531
5,right_hand,1test,-47.208,24.032
5,left_hand,1test,-47.315,15.442
5,left_hand,1test,-48.03,4.878
5,left_hand,1test,-46.208,19.107
5,right_hand,1test,-43.164,9.256
5,left_hand,1test,-47.065,5.311
5,left_hand,1test,-53.097,13.024
5,right_hand,1test,-44.932,21.166
5,left_hand,1test,-48.0,23.305
5,left_hand,1test,-48.315,8.552
5,right_hand,1test,-46.173,20.85
5,left_hand,1test,-47.567,12.739
5,right_hand,1test,-46.408,26.711
5,right_hand,1test,-53.196,17.304
5,left_hand,1test,-52.374,7.931
5,right_hand,1test,-42.568,23.871
5,left_hand,1test,-45.901,4.999
5,left_hand,1test,-51.853,5.615
5,right_hand,1test,-43.654,30.171
5,left_hand,1test,-45.849,-6.5
5,right_hand,1test,-37.99,3.426
5,right_hand,1test,-48.699,23.497
5,right_hand,1test,-46.225,24.653
5,right_hand,1test,-41.4,32.323
5,right_hand,1test,-46.864,21.311
5,left_hand,1test,-49.273,9.812
5,right_hand,1test,-49.838,18.234
5,left_hand,1test,-50.949,21.586
5,left_hand,1test,-48.253,7.416
5,left_hand,1test,-46.409,5.43
5,right_hand,1test,-50.374,18.67
5,right_hand,1test,-46.419,15.692
5,left_hand,1test,-49.7,13.49
5,right_hand,1test,-46.063,21.581
5,left_hand,1test,-49.702,11.946
5,right_hand,1test,-44.055,23.339
5,left_hand,1test,-48.296,15.541
5,right_hand,1test,-38.945,23.224
5,right_hand,1test,-41.13,17.144
5,right_hand,1test,-38.895,22.733
5,left_hand,1test,-49.379,24.649
5,left_hand,1test,-42.346,5.034
5,right_hand,1test,-37.027,9.359
5,left_hand,1test,-39.188,5.46
5,right_hand,1test,-48.45,16.933
5,right_hand,1test,-41.654,11.852
5,left_hand,1test,-52.261,12.555
5,left_hand,1test,-52.01,20.701
5,right_hand,1test,-44.877,23.753
5,left_hand,1test,-46.952,10.662
5,right_hand,1test,-47.93,24.165
5,left_hand,1test,-45.499,24.193
5,left_hand,1test,-51.666,14.358
5,right_hand,1test,-42.42,18.088
5,left_hand,1test,-47.675,26.667
5,left_hand,1test,-46.156,6.682
5,left_hand,1test,-42.244,7.086
5,right_hand,1test,-45.13,21.286
5,right_hand,1test,-45.059,15.114
5,right_hand,1test,-47.797,25.508
5,right_hand,1test,-39.057,28.354
5,left_hand,1test,-48.951,11.515
5,right_hand,1test,-42.64,15.207
5,right_hand,1test,-43.831,34.935
5,right_hand,1test,-46.717,15.138
5,left_hand,1test,-41.489,-3.603
5,left_hand,1test,-46.781,18.122
5,left_hand,1test,-41.398,11.145
5,left_hand,1test,-49.628,8.78
5,left_hand,1test,-46.353,13.841
5,right_hand,1test,-45.194,25.389
5,left_hand,1test,-51.417,16.548
5,right_hand,1test,-42.641,15.049
5,right_hand,1test,-42.722,19.381
5,left_hand,1test,-49.236,23.697
5,right_hand,1test,-43.2,15.572
5,left_hand,1test,-50.16,8.552
5,left_hand,1test,-52.786,9.431
5,right_hand,1test,-47.388,22.516
5,right_hand,1test,-46.751,30.402
5,right_hand,1test,-32.975,19.731
5,left_hand,1test,-40.998,16.535
5,right_hand,1test,-50.257,24.481
5,right_hand,1test,-45.057,17.409
5,right_hand,1test,-46.365,17.731
5,right_hand,1test,-43.625,27.586
5,right_hand,1test,-44.496,23.058
5,left_hand,1test,-51.712,12.022
5,right_hand,1test,-46.014,14.642
5,right_hand,1test,-47.829,18.685
5,left_hand,1test,-45.591,3.973
5,left_hand,1test,-48.694,4.141
5,left_hand,1test,-47.949,21.49
5,left_hand,1test,-47.85,18.865
5,left_hand,1test,-44.056,14.275
5,left_hand,1test,-54.497,17.388
5,right_hand,1test,-42.18,15.809
5,left_hand,1test,-49.555,8.629
6,right_hand,0train,49.4,7.618
6,right_hand,0train,74.277,-4.876
6,left_hand,0train,42.3,-1.899
6,right_hand,0train,44.173,8.287
6,left_hand,0train,17.918,-43.21
6,left_hand,0train,-6.182,-35.054
6,right_hand,0train,49.677,-8.479
6,right_hand,0train,41.447,31.374
6,left_hand,0train,26.95,-51.619
6,left_hand,0train,2.749,-21.26
6,left_hand,0train,35.503,-6.412
6,left_hand,0train,26.909,-27.543
6,right_hand,0train,45.627,30.451
6,right_hand,0train,60.364,17.644
6,left_hand,0train,6.594,-34.672
6,right_hand,0train,46.035,-5.392
6,left_hand,0train,11.3,-35.955
6,left_hand,0train,6.031,-30.777
6,right_hand,0train,57.661,3.729
6,right_hand,0train,36.419,32.3
6,right_hand,0train,82.584,12.534
6,left_hand,0train,-0.335,-35.794
6,right_hand,0train,68.43,36.251
6,left_hand,0train,2.921,-32.469
6,left_hand,0train,-6.435,10.765
6,left_hand,0train,33.875,-48.494
6,left_hand,0train,-2.114,-25.403
6,right_hand,0train,28.957,1.812
6,right_hand,0train,38.876,10.856
6,left_hand,0train,55.682,5.75
6,right_hand,0train,17.734,16.639
6,left_hand,0train,11.309,-43.945
6,left_hand,0train,30.365,-38.26
6,right_hand,0train,36.812,16.907
6,left_hand,0train,25.124,-24.824
6,left_hand,0train,3.227,-23.081
6,right_hand,0train,25.71,9.617
6,right_hand,0train,53.704,20.323
6,right_hand,0train,55.08,15.345
6,right_hand,0train,53.624,27.954
6,left_hand,0train,9.957,-37.548
6,right_hand,0train,46.671,19.199
6,right_hand,0train,47.726,24.987
6,left_hand,0train,13.543,-52.217
6,right_hand,0train,25.198,6.076
6,left_hand,0train,-25.808,18.307
6,left_hand,0train,35.397,-23.883
6,right_hand,0train,29.884,31.105
6,right_hand,0train,17.037,21.481
6,left_hand,0train,-7.629,-35.512
6,right_hand,0train,8.779,7.618
6,left_hand,0train,-4.686,-27.733
6,right_hand,0train,18.078,1.857
6,right_hand,0train,37.893,12.702
6,right_hand,0train,2.964,22.379
6,left_hand,0train,-10.747,-49.665
6,left_hand,0train,-2.684,-33.655
6,right_hand,0train,48.95,-13.181
6,left_hand,0train,18.127,-22.096
6,right_hand,0train,54.066,29.138
6,left_hand,0train,24.639,-56.767
6,left_hand,0train,22.789,-40.685
6,right_hand,0train,70.677,10.311
6,left_hand,0train,-6.66,-21.125
6,left_hand,0train,22.992,-36.268
6,left_hand,0train,7.516,-25.336
6,left_hand,0train,-15.21,-33.104
6,right_hand,0train,11.256,14.088
6,right_hand,0train,44.885,15.553
6,left_hand,0train,-27.998,3.799
6,right_hand,0train,72.428,14.374
6,right_hand,0train,-0.065,17.78
6,left_hand,0train,-6.167,-16.245
6,left_hand,0train,6.429,-16.293
6,right_hand,0train,36.628,9.571
6,left_hand,0train,34.338,-33.499
6,left_hand,0train,0.613,-42.772
6,right_hand,0train,29.26,25.198
6,right_hand,0train,35.354,9.442
6,left_hand,0train,15.929,-47.478
6,right_hand,0train,79.859,7.812
6,right_hand,0train,54.689,7.881
6,left_hand,0train,19.954,-42.73
6,left_hand,0train,10.705,-12.134
6,right_hand,0train,35.277,8.567
6,left_hand,0train,-0.956,-27.92
6,left_hand,0train,29.144,-41.064
6,right_hand,0train,37.938,10.832
6,right_hand,0train,39.39,8.748
6,right_hand,0train,38.459,2.721
6,left_hand,0train,-5.22,-29.31
6,right_hand,0train,56.635,8.111
6,left_hand,0train,18.76,-33.678
6,right_hand,0train,25.917,28.398
6,right_hand,0train,41.693,-9.628
6,left_hand,0train,14.546,-52.095
6,left_hand,0train,10.624,-44.439
6,right_hand,0train,-6.076,7.613
6,right_hand,0train,39.807,11.776
6,left_hand,0train,13.09,-36.319
6,left_hand,0train,-12.434,-6.498
6,right_hand,0train,27.67,16.387
6,right_hand,0train,29.067,16.007
6,left_hand,0train,10.383,-58.193
6,left_hand,0train,1.863,-24.768
6,right_hand,0train,23.353,1.393
6,left_hand,0train,27.711,-35.604
6,right_hand,0train,42.111,16.908
6,right_hand,0train,55.421,-2.542
6,right_hand,0train,27.155,20.867
6,left_hand,0train,13.35,-38.114
6,right_hand,0train,56.797,7.151
6,right_hand,0train,14.157,15.379
6,left_hand,0train,-8.413,-20.977
6,left_hand,0train,12.279,-35.415
6,left_hand,0train,17.085,-27.482
6,right_hand,0train,38.974,10.139
6,left_hand,0train,16.566,-31.147
6,left_hand,0train,-18.524,-15.549
6,right_hand,0train,20.868,13.187
6,left_hand,0train,-10.172,-42.714
6,left_hand,0train,21.309,-37.498
6,left_hand,0train,19.435,-35.15
6,right_hand,0train,55.726,9.291
6,right_hand,0train,34.273,-3.97
6,right_hand,0train,61.988,16.188
6,right_hand,0train,53.253,21.459
6,left_hand,0train,-4.773,-20.348
6,right_hand,0train,49.276,28.706
6,left_hand,0train,21.241,-19.251
6,right_hand,0train,14.193,24.144
6,left_hand,0train,19.868,-29.459
6,left_hand,0train,-11.569,-16.263
6,right_hand,0train,29.553,35.38
6,left_hand,0train,3.946,-24.538
6,right_hand,0train,-29.827,19.25
6,right_hand,0train,56.905,21.379
6,left_hand,0train,-15.478,-13.769
6,left_hand,0train,-0.089,-25.931
6,right_hand,0train,34.907,20.192
6,left_hand,0train,-26.844,10.125
6,right_hand,0train,50.959,28.618
6,left_hand,0train,-14.521,-35.073
6,right_hand,0train,67.556,-5.501
6,left_hand,1test,15.799,-2.767
6,right_hand,1test,-1.991,20.05
6,right_hand,1test,-6.459,17.448
6,left_hand,1test,0.517,-15.252
6,right_hand,1test,6.534,-22.38
6,left_hand,1test,4.698,-42.705
6,right_hand,1test,45.058,13.452
6,right_hand,1test,32.775,9.959
6,left_hand,1test,3.135,-14.717
6,right_hand,1test,28.976,9.031
6,left_hand,1test,-3.781,8.414
6,left_hand,1test,0.957,-19.525
6,right_hand,1test,33.008,25.469
6,left_hand,1test,18.956,-19.476
6,left_hand,1test,-1.594,-12.629
6,left_hand,1test,-6.218,17.062
6,left_hand,1test,2.854,10.218
6,right_hand,1test,6.937,10.181
6,left_hand,1test,28.604,-28.032
6,right_hand,1test,37.097,-9.586
6,right_hand,1test,52.483,12.061
6,left_hand,1test,27.922,-8.046
6,right_hand,1test,34.808,27.088
6,right_hand,1test,7.668,20.773
6,right_hand,1test,24.997,12.675
6,left_hand,1test,-13.001,-14.667
6,left_hand,1test,26.734,-7.081
6,right_hand,1test,44.128,3.372
6,right_hand,1test,14.827,12.822
6,left_hand,1test,5.493,-12.893
6,left_hand,1test,7.079,-37.126
6,left_hand,1test,12.169,-5.496
6,right_hand,1test,24.838,-11.247
6,right_hand,1test,25.996,7.983
6,left_hand,1test,-6.501,-36.735
6,left_hand,1test,15.075,-15.754
6,left_hand,1test,8.471,-38.115
6,right_hand,1test,2.115,24.813
6,left_hand,1test,-20.038,14.899
6,right_hand,1test,-18.547,13.173
6,right_hand,1test,45.867,-2.949
6,left_hand,1test,-24.431,8.02
6,right_hand,1test,25.41,-4.654
6,left_hand,1test,13.608,-15.507
6,right_hand,1test,4.96,17.138
6,right_hand,1test,7.646,-5.465
6,right_hand,1test,29.2,28.029
6,left_hand,1test,16.39,-12.56
6,left_hand,1test,-8.063,25.306
6,left_hand,1test,5.394,-14.67
6,right_hand,1test,19.873,8.679
6,left_hand,1test,1.226,-27.15
6,left_hand,1test,17.871,-37.305
6,right_hand,1test,48.16,-3.392
6,left_hand,1test,-6.308,-24.501
6,left_hand,1test,-13.517,-11.589
6,right_hand,1test,41.049,16.747
6,left_hand,1test,-14.37,-23.967
6,right_hand,1test,-6.777,-18.373
6,right_hand,1test,-2.519,37.279
6,left_hand,1test,17.975,2.871
6,right_hand,1test,48.898,26.879
6,left_hand,1test,-3.175,16.029
6,left_hand,1test,7.66,2.198
6,right_hand,1test,36.735,0.731
6,left_hand,1test,-15.576,-2.652
6,right_hand,1test,42.611,19.782
6,right_hand,1test,18.312,22.612
6,right_hand,1test,17.186,6.325
6,right_hand,1test,44.841,9.516
6,right_hand,1test,11.471,7.797
6,left_hand,1test,28.914,0.097
6,right_hand,1test,-13.041,15.698
6,left_hand,1test,11.779,-27.329
6,left_hand,1test,56.065,8.067
6,left_hand,1test,4.533,-35.248
6,right_hand,1test,40.859,14.471
6,right_hand,1test,37.848,5.847
6,left_hand,1test,6.187,-5.741
6,right_hand,1test,40.066,12.485
6,left_hand,1test,32.798,-28.427
6,right_hand,1test,22.025,7.244
6,left_hand,1test,0.443,-36.725
6,right_hand,1test,19.591,-3.464
6,right_hand,1test,37.889,8.457
6,right_hand,1test,62.013,20.486
6,left_hand,1test,22.812,-36.345
6,left_hand,1test,17.453,-17.596
6,right_hand,1test,36.09,1.153
6,left_hand,1test,22.248,-9.422
6,right_hand,1test,16.122,1.142
6,right_hand,1test,49.299,17.82
6,left_hand,1test,10.714,25.555
6,left_hand,1test,9.005,-16.862
6,right_hand,1test,48.417,0.261
6,left_hand,1test,16.979,-23.342
6,right_hand,1test,31.51,16.129
6,left_hand,1test,34.446,-20.885
6,left_hand,1test,46.197,2.302
6,right_hand,1test,36.194,16.18
6,left_hand,1test,15.416,-26.059
6,left_hand,1test,40.047,-6.822
6,left_hand,1test,51.046,-30.271
6,right_hand,1test,24.811,-13.191
6,right_hand,1test,54.194,19.274
6,right_hand,1test,28.053,30.587
6,right_hand,1test,44.672,-3.882
6,left_hand,1test,42.941,9.08
6,right_hand,1test,17.007,-36.592
6,right_hand,1test,32.624,10.427
6,right_hand,1test,63.849,13.601
6,left_hand,1test,5.883,-33.845
6,left_hand,1test,19.768,-3.482
6,left_hand,1test,3.085,-12.209
6,left_hand,1test,17.437,4.84
6,left_hand,1test,53.116,-24.137
6,right_hand,1test,-24.73,-3.756
6,left_hand,1test,-11.961,-26.983
6,right_hand,1test,41.112,-5.006
6,right_hand,1test,10.159,7.464
6,left_hand,1test,22.756,11.52
6,right_hand,1test,9.838,24.022
6,left_hand,1test,0.438,21.058
6,left_hand,1test,56.478,5.15
6,right_hand,1test,33.553,24.115
6,right_hand,1test,21.726,-0.15
6,right_hand,1test,19.859,0.37
6,left_hand,1test,51.735,-6.585
6,right_hand,1test,31.908,20.654
6,right_hand,1test,25.309,6.636
6,right_hand,1test,-25.279,4.588
6,right_hand,1test,15.451,2.756
6,right_hand,1test,12.024,3.452
6,left_hand,1test,-7.308,-10.1
6,right_hand,1test,1.301,-16.469
6,right_hand,1test,40.533,8.325
6,left_hand,1test,28.626,-13.732
6,left_hand,1test,36.662,-15.299
6,left_hand,1test,29.448,15.594
6,left_hand,1test,23.625,-36.303
6,left_hand,1test,27.837,14.418
6,left_hand,1test,-13.743,-5.254
6,right_hand,1test,20.562,-13.312
6,left_hand,1test,12.551,-1.986
7,left_hand,0train,-39.267,-10.25
7,right_hand,0train,14.08,32.314
7,right_hand,0train,-22.751,24.294
7,left_hand,0train,-29.819,-36.642
7,right_hand,0train,-1.447,28.191
7,left_hand,0train,-34.621,-3.31
7,right_hand,0train,-3.221,31.051
7,right_hand,0train,-10.042,22.009
7,left_hand,0train,-32.633,6.04
7,right_hand,0train,-19.187,24.199
7,left_hand,0train,-32.099,-6.909
7,left_hand,0train,-38.77,-1.769
7,right_hand,0train,6.858,17.25
7,left_hand,0train,-29.465,-21.794
7,left_hand,0train,-41.216,4.688
7,left_hand,0train,-29.385,-29.681
7,left_hand,0train,-40.864,-1.54
7,right_hand,0train,-20.75,26.272
7,left_hand,0train,-20.404,-42.487
7,right_hand,0train,17.281,14.839
7,right_hand,0train,18.626,-20.245
7,left_hand,0train,-8.146,-13.118
7,right_hand,0train,-20.019,28.15
7,right_hand,0train,-23.409,18.302
7,right_hand,0train,-12.498,18.922
7,left_hand,0train,-35.07,-4.576
7,left_hand,0train,-39.812,-10.851
7,right_hand,0train,24.771,5.19
7,right_hand,0train,-26.742,17.372
7,left_hand,0train,-17.665,-25.075
7,left_hand,0train,-33.862,-15.934
7,left_hand,0train,-36.618,1.194
7,right_hand,0train,8.168,37.567
7,right_hand,0train,-12.558,24.739
7,left_hand,0train,-38.705,-20.004
7,left_hand,0train,-25.773,-13.498
7,left_hand,0train,-36.42,-6.224
7,right_hand,0train,10.444,17.598
7,left_hand,0train,-36.185,-32.443
7,right_hand,0train,-3.034,22.57
7,right_hand,0train,31.991,29.22
7,left_hand,0train,-37.293,-6.565
7,right_hand,0train,48.202,10.231
7,left_hand,0train,-37.602,-6.033
7,right_hand,0train,-35.479,21.668
7,right_hand,0train,29.547,28.701
7,right_hand,0train,4.245,21.393
7,left_hand,0train,-22.693,-22.475
7,left_hand,0train,-24.592,-6.347
7,left_hand,0train,-31.58,-1.954
7,right_hand,0train,-4.709,33.594
7,left_hand,0train,-25.365,6.006
7,left_hand,0train,-28.552,2.952
7,right_hand,0train,-21.693,29.285
7,left_hand,0train,-29.012,-13.938
7,left_hand,0train,-23.853,-42.807
7,right_hand,0train,-25.436,30.315
7,left_hand,0train,-43.435,-3.254
7,right_hand,0train,5.83,32.139
7,right_hand,0train,21.585,25.559
7,left_hand,0train,-35.952,-7.619
7,right_hand,0train,-20.477,25.503
7,left_hand,0train,-35.524,-0.185
7,left_hand,0train,-36.542,-8.277
7,right_hand,0train,-26.682,20.674
7,left_hand,0train,-28.819,-8.18
7,right_hand,0train,32.272,50.214
7,right_hand,0train,8.018,12.643
7,right_hand,0train,2.272,27.05
7,right_hand,0train,22.786,30.802
7,right_hand,0train,13.784,11.341
7,left_hand,0train,-35.588,-18.488
7,right_hand,0train,-22.067,18.782
7,left_hand,0train,-35.096,-9.377
7,left_hand,0train,-24.853,2.74
7,left_hand,0train,-27.271,-23.657
7,right_hand,0train,2.695,25.158
7,right_hand,0train,1.087,12.942
7,left_hand,0train,-23.975,-9.674
7,right_hand,0train,-21.547,-1.015
7,left_hand,0train,-24.223,0.634
7,right_hand,0train,8.038,22.744
7,left_hand,0train,-23.906,-6.087
7,right_hand,0train,-17.622,25.05
7,right_hand,0train,-14.298,23.28
7,right_hand,0train,-3.094,19.787
7,left_hand,0train,-28.649,1.435
7,left_hand,0train,-25.456,-10.752
7,right_hand,0train,-8.993,20.757
7,left_hand,0train,-37.541,-25.165
7,right_hand,0train,-10.581,22.92
7,right_hand,0train,25.099,37.228
7,left_hand,0train,-38.967,-11.016
7,left_hand,0train,-37.06,-17.47
7,right_hand,0train,-24.239,20.73
7,left_hand,0train,-29.441,-18.813
7,right_hand,0train,-18.121,20.792
7,left_hand,0train,-22.55,-36.225
7,left_hand,0train,-29.489,0.841
7,right_hand,0train,-8.259,7.826
7,left_hand,0train,-23.387,-52.023
7,left_hand,0train,-33.52,-22.492
7,left_hand,0train,-21.352,-19.405
7,right_hand,0train,-5.052,27.213
7,right_hand,0train,2.202,28.119
7,right_hand,0train,5.138,30.669
7,right_hand,0train,10.911,15.182
7,left_hand,0train,-29.946,-11.58
7,right_hand,0train,41.465,18.381
7,right_hand,0train,-12.851,21.916
7,right_hand,0train,9.395,38.105
7,left_hand,0train,-34.118,-33.778
7,left_hand,0train,-29.645,-22.891
7,left_hand,0train,-21.747,-38.56
7,left_hand,0train,-28.373,-6.249
7,left_hand,0train,-18.487,-25.951
7,right_hand,0train,10.887,21.775
7,left_hand,0train,-0.821,7.934
7,right_hand,0train,10.877,7.969
7,right_hand,0train,21.874,28.649
7,left_hand,0train,-36.857,-5.986
7,right_hand,0train,-17.609,39.505
7,left_hand,0train,-35.028,-6.422
7,left_hand,0train,-44.065,10.92
7,right_hand,0train,-15.075,35.68
7,right_hand,0train,-12.097,27.25
7,right_hand,0train,10.097,13.079
7,left_hand,0train,-25.955,-37.909
7,right_hand,0train,-11.261,10.314
7,right_hand,0train,0.99,24.001
7,right_hand,0train,-3.58,25.009
7,right_hand,0train,5.476,11.226
7,right_hand,0train,30.335,37.528
7,left_hand,0train,-43.295,8.979
7,right_hand,0train,6.145,30.05
7,right_hand,0train,33.187,18.354
7,left_hand,0train,-21.925,0.566
7,left_hand,0train,-23.228,-39.658
7,left_hand,0train,-17.18,3.915
7,left_hand,0train,14.394,-13.141
7,left_hand,0train,-6.795,-22.453
7,left_hand,0train,-26.186,1.882
7,right_hand,0train,-32.677,12.59
7,left_hand,0train,-20.838,-17.942
7,left_hand,1test,-12.854,3.831
7,right_hand,1test,-25.918,8.659
7,right_hand,1test,-0.581,29.197
7,left_hand,1test,-5.903,-17.545
7,right_hand,1test,6.601,6.555
7,left_hand,1test,-34.223,-19.78
7,right_hand,1test,-11.06,6.888
7,right_hand,1test,-13.38,23.78
7,left_hand,1test,-29.487,18.149
7,right_hand,1test,-16.544,2.573
7,left_hand,1test,10.96,-21.94
7,left_hand,1test,-1.023,4.284
7,right_hand,1test,-18.954,-0.444
7,left_hand,1test,-13.311,6.052
7,left_hand,1test,-18.333,16.125
7,left_hand,1test,18.88,18.233
7,left_hand,1test,-20.291,-24.928
7,right_hand,1test,-25.573,-7.172
7,left_hand,1test,-22.556,-27.998
7,right_hand,1test,32.44,21.992
7,right_hand,1test,21.976,29.616
7,left_hand,1test,-23.994,-25.241
7,right_hand,1test,6.086,-1.812
7,right_hand,1test,12.715,17.574
7,right_hand,1test,-6.759,21.639
7,left_hand,1test,-13.056,-43.0
7,left_hand,1test,3.862,8.258
7,right_hand,1test,-5.713,6.028
7,right_hand,1test,-25.136,4.482
7,left_hand,1test,-23.398,-11.301
7,left_hand,1test,-28.005,-1.796
7,left_hand,1test,-15.533,-25.059
7,right_hand,1test,-2.631,10.757
7,right_hand,1test,17.656,1.874
7,left_hand,1test,-16.627,-4.953
7,left_hand,1test,-18.605,-25.608
7,left_hand,1test,-13.092,-26.233
7,right_hand,1test,0.673,14.823
7,left_hand,1test,4.879,-22.173
7,right_hand,1test,-20.943,24.034
7,right_hand,1test,-17.87,13.234
7,left_hand,1test,-28.123,-23.026
7,right_hand,1test,-15.742,16.387
7,left_hand,1test,-28.024,-15.938
7,right_hand,1test,-5.211,7.757
7,right_hand,1test,-2.712,11.412
7,right_hand,1test,-3.396,8.659
7,left_hand,1test,-7.402,-26.97
7,left_hand,1test,-16.957,5.055
7,left_hand,1test,-20.347,-26.606
7,right_hand,1test,29.379,21.795
7,left_hand,1test,-14.742,-9.959
7,left_hand,1test,-2.115,-13.039
7,right_hand,1test,34.036,14.48
7,left_hand,1test,-21.033,-22.386
7,left_hand,1test,-11.227,-26.659
7,right_hand,1test,3.891,22.33
7,left_hand,1test,-0.821,-34.165
7,right_hand,1test,15.674,12.146
7,right_hand,1test,32.848,13.893
7,left_hand,1test,-20.201,-3.893
7,right_hand,1test,26.372,27.974
7,left_hand,1test,-7.362,-11.146
7,left_hand,1test,-24.947,-14.299
7,right_hand,1test,-16.487,27.679
7,left_hand,1test,-23.521,0.113
7,right_hand,1test,1.622,6.309
7,right_hand,1test,9.246,32.428
7,right_hand,1test,-8.537,8.904
7,right_hand,1test,0.822,36.548
7,right_hand,1test,19.167,16.595
7,left_hand,1test,-30.406,11.183
7,right_hand,1test,-17.917,-4.91
7,left_hand,1test,19.662,2.765
7,left_hand,1test,-24.96,-15.099
7,left_hand,1test,-4.089,-32.733
7,right_hand,1test,-9.788,29.389
7,right_hand,1test,-2.271,13.858
7,left_hand,1test,-25.191,-10.892
7,right_hand,1test,6.455,20.465
7,left_hand,1test,-9.963,-16.866
7,right_hand,1test,30.663,43.683
7,left_hand,1test,34.674,-17.719
7,right_hand,1test,0.844,13.124
7,right_hand,1test,-27.663,3.172
7,right_hand,1test,26.762,37.585
7,left_hand,1test,-24.658,-20.457
7,left_hand,1test,4.717,-7.913
7,right_hand,1test,7.16,-4.232
7,left_hand,1test,-22.85,-26.551
7,right_hand,1test,4.758,5.352
7,right_hand,1test,35.121,25.503
7,left_hand,1test,-22.824,-14.415
7,left_hand,1test,-18.621,-10.83
7,right_hand,1test,9.357,19.973
7,left_hand,1test,-11.869,2.702
7,right_hand,1test,-22.398,-12.914
7,left_hand,1test,-23.419,1.093
7,left_hand,1test,-7.921,-28.076
7,right_hand,1test,-18.059,1.826
7,left_hand,1test,-11.265,-10.451
7,left_hand,1test,-0.764,-25.251
7,left_hand,1test,-16.359,-43.116
7,right_hand,1test,0.712,8.077
7,right_hand,1test,-12.408,8.574
7,right_hand,1test,-22.826,12.095
7,right_hand,1test,-5.173,13.155
7,left_hand,1test,-22.951,-12.348
7,right_hand,1test,-30.023,15.464
7,right_hand,1test,16.403,20.244
7,right_hand,1test,4.149,29.427
7,left_hand,1test,-34.824,-9.921
7,left_hand,1test,-5.557,-29.121
7,left_hand,1test,-31.813,-0.834
7,left_hand,1test,-36.103,0.704
7,left_hand,1test,-12.559,-32.822
7,right_hand,1test,38.193,25.918
7,left_hand,1test,-30.936,-5.184
7,right_hand,1test,38.474,7.973
7,right_hand,1test,12.37,34.029
7,left_hand,1test,-22.303,-34.512
7,right_hand,1test,-16.119,28.158
7,left_hand,1test,-30.662,-1.38
7,left_hand,1test,-13.287,-18.301
7,right_hand,1test,0.577,1.99
7,right_hand,1test,-14.445,9.696
7,right_hand,1test,16.346,20.613
7,left_hand,1test,18.411,10.837
7,right_hand,1test,23.384,26.303
7,right_hand,1test,-24.82,26.9
7,right_hand,1test,-10.438,-6.36
7,right_hand,1test,-6.038,11.488
7,right_hand,1test,-10.672,13.175
7,left_hand,1test,-23.802,-3.728
7,right_hand,1test,18.078,25.556
7,right_hand,1test,35.487,33.975
7,left_hand,1test,-11.721,-9.705
7,left_hand,1test,-26.273,-24.795
7,left_hand,1test,-14.837,-19.969
7,left_hand,1test,2.913,-17.245
7,left_hand,1test,-36.828,-6.147
7,left_hand,1test,-5.452,-0.775
7,right_hand,1test,20.911,28.067
7,left_hand,1test,-20.365,-25.604
8,left_hand,0train,-17.646,-72.96
8,right_hand,0train,28.882,5.997
8,right_hand,0train,32.02,-3.727
8,left_hand,0train,-17.583,-42.998
8,right_hand,0train,71.823,13.702
8,left_hand,0train,-0.32,-47.275
8,right_hand,0train,52.285,7.348
8,right_hand,0train,69.247,5.384
8,left_hand,0train,11.586,-58.842
8,right_hand,0train,46.098,6.99
8,left_hand,0train,17.99,-48.99
8,left_hand,0train,6.662,-53.778
8,right_hand,0train,59.511,-1.569
8,left_hand,0train,-11.79,-56.382
8,left_hand,0train,31.724,-34.534
8,left_hand,0train,-18.072,-39.904
8,left_hand,0train,-1.054,-73.305
8,right_hand,0train,43.363,5.957
8,left_hand,0train,-18.496,-48.029
8,right_hand,0train,47.053,29.48
8,right_hand,0train,64.323,10.518
8,left_hand,0train,-4.216,-55.216
8,right_hand,0train,51.854,13.313
8,right_hand,0train,69.936,10.01
8,right_hand,0train,10.193,-52.452
8,left_hand,0train,-6.162,-35.11
8,left_hand,0train,7.481,-75.882
8,right_hand,0train,37.772,21.293
8,right_hand,0train,8.128,23.73
8,left_hand,0train,-8.101,-39.195
8,left_hand,0train,-12.002,-31.966
8,left_hand,0train,-10.878,-62.778
8,right_hand,0train,26.744,4.006
8,right_hand,0train,27.538,26.011
8,left_hand,0train,14.057,-52.99
8,left_hand,0train,-9.651,-72.372
8,left_hand,0train,21.358,-49.848
8,right_hand,0train,53.969,21.786
8,left_hand,0train,-2.705,-43.686
8,right_hand,0train,75.051,9.247
8,right_hand,0train,47.556,30.133
8,left_hand,0train,-10.94,-50.421
8,right_hand,0train,37.737,31.58
8,left_hand,0train,2.303,-40.825
8,right_hand,0train,69.615,31.253
8,right_hand,0train,65.851,17.714
8,right_hand,0train,46.76,6.829
8,left_hand,0train,8.632,-69.427
8,left_hand,0train,-9.436,-43.851
8,left_hand,0train,5.675,-74.626
8,right_hand,0train,35.252,21.161
8,left_hand,0train,-6.744,-52.178
8,left_hand,0train,18.205,-60.578
8,right_hand,0train,79.619,5.614
8,left_hand,0train,-4.45,-35.246
8,left_hand,0train,3.708,-62.138
8,right_hand,0train,71.51,12.381
8,left_hand,0train,9.001,-64.752
8,right_hand,0train,58.445,-15.375
8,right_hand,0train,29.207,1.031
8,left_hand,0train,-10.356,-64.983
8,right_hand,0train,53.839,-14.924
8,left_hand,0train,-15.447,-42.5
8,left_hand,0train,9.235,-65.157
8,right_hand,0train,72.816,9.451
8,left_hand,0train,-19.001,-39.362
8,right_hand,0train,76.333,8.021
8,right_hand,0train,44.741,9.843
8,right_hand,0train,37.971,5.538
8,right_hand,0train,56.877,-19.665
8,right_hand,0train,56.829,16.59
8,left_hand,0train,6.745,-63.684
8,right_hand,0train,32.633,17.925
8,left_hand,0train,-11.234,-38.249
8,left_hand,0train,-3.295,-53.369
8,left_hand,0train,0.661,-44.81
8,right_hand,0train,52.457,12.2
8,right_hand,0train,66.557,18.787
8,left_hand,0train,8.696,-47.765
8,right_hand,0train,36.488,10.212
8,left_hand,0train,-6.029,-33.465
8,right_hand,0train,57.56,-2.695
8,left_hand,0train,-4.129,-66.468
8,right_hand,0train,54.687,3.995
8,right_hand,0train,64.216,17.217
8,right_hand,0train,58.952,-13.065
8,left_hand,0train,0.608,-50.244
8,left_hand,0train,1.548,-23.158
8,right_hand,0train,53.072,-1.48
8,left_hand,0train,29.202,-61.421
8,right_hand,0train,68.491,18.095
8,right_hand,0train,77.278,-6.123
8,left_hand,0train,7.205,-47.536
8,left_hand,0train,16.793,-50.286
8,right_hand,0train,19.767,38.131
8,left_hand,0train,5.84,-59.837
8,right_hand,0train,67.533,-5.673
8,left_hand,0train,-8.09,-62.826
8,left_hand,0train,16.753,-56.251
8,right_hand,0train,47.103,3.549
8,left_hand,0train,-0.522,-56.245
8,left_hand,0train,38.313,-63.822
8,left_hand,0train,1.0,-36.835
8,right_hand,0train,75.121,12.395
8,right_hand,0train,44.992,8.655
8,right_hand,0train,61.134,-4.215
8,right_hand,0train,50.592,-9.821
8,left_hand,0train,20.588,-39.347
8,right_hand,0train,63.201,7.029
8,right_hand,0train,71.332,8.729
8,right_hand,0train,65.898,0.365
8,left_hand,0train,2.822,-76.335
8,left_hand,0train,5.634,-36.242
8,left_hand,0train,26.033,-70.525
8,left_hand,0train,-13.239,-33.831
8,left_hand,0train,13.02,-29.615
8,right_hand,0train,45.775,9.848
8,left_hand,0train,25.31,-19.874
8,right_hand,0train,58.68,2.946
8,right_hand,0train,79.509,1.962
8,left_hand,0train,45.227,-27.77
8,right_hand,0train,46.345,30.966
8,left_hand,0train,-6.582,-53.498
8,left_hand,0train,6.915,-44.724
8,right_hand,0train,62.38,10.723
8,right_hand,0train,41.293,18.005
8,right_hand,0train,49.122,28.876
8,left_hand,0train,-6.787,-60.765
8,right_hand,0train,50.311,-7.043
8,right_hand,0train,70.871,-15.073
8,right_hand,0train,77.479,-4.691
8,right_hand,0train,51.522,-8.767
8,right_hand,0train,46.129,-13.894
8,left_hand,0train,15.148,-38.312
8,right_hand,0train,67.821,15.227
8,right_hand,0train,50.712,-6.915
8,left_hand,0train,13.538,-54.007
8,left_hand,0train,3.489,-58.355
8,left_hand,0train,46.489,-22.277
8,left_hand,0train,13.119,-62.91
8,left_hand,0train,17.037,-54.136
8,left_hand,0train,6.246,-33.115
8,right_hand,0train,26.806,-27.404
8,left_hand,0train,15.617,-57.129
8,left_hand,1test,0.771,-64.782
8,right_hand,1test,5.412,5.207
8,right_hand,1test,63.441,-8.204
8,left_hand,1test,-11.379,-64.52
8,right_hand,1test,41.592,1.064
8,left_hand,1test,11.516,-53.253
8,right_hand,1test,65.118,-9.153
8,right_hand,1test,48.19,-1.973
8,left_hand,1test,20.526,-81.192
8,right_hand,1test,31.574,-4.257
8,left_hand,1test,35.757,-15.63
8,left_hand,1test,12.202,-41.572
8,right_hand,1test,61.227,15.509
8,left_hand,1test,-10.877,-70.633
8,left_hand,1test,17.261,-52.369
8,left_hand,1test,-11.575,-66.525
8,left_hand,1test,-5.311,-72.979
8,right_hand,1test,55.231,-14.951
8,left_hand,1test,5.597,-52.276
8,right_hand,1test,52.728,4.431
8,right_hand,1test,39.342,-17.709
8,left_hand,1test,-3.755,-59.429
8,right_hand,1test,60.982,3.346
8,right_hand,1test,39.533,-22.486
8,right_hand,1test,47.879,-3.027
8,left_hand,1test,9.67,-53.868
8,left_hand,1test,13.202,-47.62
8,right_hand,1test,66.756,6.787
8,right_hand,1test,8.641,-1.095
8,left_hand,1test,-4.678,-49.669
8,left_hand,1test,-6.983,-13.772
8,left_hand,1test,28.584,-38.536
8,right_hand,1test,36.621,1.39
8,right_hand,1test,64.986,3.226
8,left_hand,1test,21.7,-39.694
8,left_hand,1test,-1.772,-63.077
8,left_hand,1test,-2.824,-44.218
8,right_hand,1test,57.367,25.299
8,left_hand,1test,43.483,-49.286
8,right_hand,1test,39.587,-3.539
8,right_hand,1test,50.81,13.89
8,left_hand,1test,32.867,-37.101
8,right_hand,1test,71.467,-2.666
8,left_hand,1test,28.541,-26.145
8,right_hand,1test,-16.645,-2.915
8,right_hand,1test,23.849,-17.571
8,right_hand,1test,7.129,15.023
8,left_hand,1test,2.744,-12.893
8,left_hand,1test,-9.688,-48.109
8,left_hand,1test,35.446,-57.178
8,right_hand,1test,89.146,-1.887
8,left_hand,1test,-9.29,-65.421
8,left_hand,1test,-7.387,-79.207
8,right_hand,1test,65.514,-0.764
8,left_hand,1test,-9.054,-61.244
8,left_hand,1test,-12.54,-52.147
8,right_hand,1test,25.049,-20.871
8,left_hand,1test,-0.386,-75.351
8,right_hand,1test,66.862,18.335
8,right_hand,1test,59.702,4.283
8,left_hand,1test,-1.478,-78.486
8,right_hand,1test,62.825,23.624
8,left_hand,1test,3.193,-56.546
8,left_hand,1test,-2.513,-48.592
8,right_hand,1test,26.503,-45.88
8,left_hand,1test,20.796,-48.743
8,right_hand,1test,31.127,-4.015
8,right_hand,1test,55.714,-10.732
8,right_hand,1test,32.459,-12.049
8,right_hand,1test,77.013,-15.984
8,right_hand,1test,52.435,-9.952
8,left_hand,1test,35.503,-47.535
8,right_hand,1test,2.382,19.959
8,left_hand,1test,3.125,-46.991
8,left_hand,1test,34.904,-38.89
8,left_hand,1test,-17.231,-50.485
8,right_hand,1test,46.039,-17.004
8,right_hand,1test,59.413,22.921
8,left_hand,1test,12.567,-62.108
8,right_hand,1test,65.332,7.297
8,left_hand,1test,-15.453,-63.86
8,right_hand,1test,58.289,10.546
8,left_hand,1test,-5.211,-41.701
8,right_hand,1test,37.551,3.035
8,right_hand,1test,23.424,20.994
8,right_hand,1test,32.245,0.621
8,left_hand,1test,65.297,-31.694
8,left_hand,1test,-0.024,-52.028
8,right_hand,1test,54.906,8.822
8,left_hand,1test,13.265,-62.65
8,right_hand,1test,46.931,18.449
8,right_hand,1test,83.874,18.283
8,left_hand,1test,55.152,-54.281
8,left_hand,1test,30.341,-61.873
8,right_hand,1test,64.93,7.472
8,left_hand,1test,12.481,-61.333
8,right_hand,1test,56.809,21.835
8,left_hand,1test,0.617,-67.333
8,left_hand,1test,35.665,-42.687
8,right_hand,1test,33.606,4.121
8,left_hand,1test,-9.259,-77.755
8,left_hand,1test,22.682,-53.903
8,left_hand,1test,15.825,-52.543
8,right_hand,1test,73.054,30.379
8,right_hand,1test,88.491,3.674
8,right_hand,1test,62.878,11.938
8,right_hand,1test,70.716,21.434
8,left_hand,1test,0.245,-34.286
8,right_hand,1test,53.963,32.221
8,right_hand,1test,62.226,1.641
8,right_hand,1test,45.182,-11.464
8,left_hand,1test,-8.129,-68.812
8,left_hand,1test,19.638,-50.143
8,left_hand,1test,20.479,-15.822
8,left_hand,1test,10.667,-36.917
8,left_hand,1test,27.957,-39.302
8,right_hand,1test,66.073,-2.285
8,left_hand,1test,10.961,-51.112
8,right_hand,1test,41.979,-20.025
8,right_hand,1test,43.406,-40.043
8,left_hand,1test,31.107,-36.365
8,right_hand,1test,42.604,23.665
8,left_hand,1test,16.486,-53.18
8,left_hand,1test,20.796,-62.824
8,right_hand,1test,63.062,13.178
8,right_hand,1test,51.861,-24.735
8,right_hand,1test,52.537,-10.611
8,left_hand,1test,-4.826,-70.598
8,right_hand,1test,26.28,-29.76
8,right_hand,1test,60.84,44.091
8,right_hand,1test,71.976,5.306
8,right_hand,1test,39.468,-2.148
8,right_hand,1test,63.338,5.203
8,left_hand,1test,7.606,-39.615
8,right_hand,1test,32.248,7.555
8,right_hand,1test,31.854,-0.723
8,left_hand,1test,12.363,-68.19
8,left_hand,1test,25.661,-34.753
8,left_hand,1test,-0.382,-50.167
8,left_hand,1test,17.857,-69.701
8,left_hand,1test,-7.543,-35.116
8,left_hand,1test,28.041,-44.428
8,right_hand,1test,32.126,14.484
8,left_hand,1test,12.391,-51.931
9,right_hand,0train,-6.747,16.822
9,right_hand,0train,-10.667,17.12
9,left_hand,0train,-22.683,-17.802
9,right_hand,0train,8.988,15.14
9,left_hand,0train,-16.081,-32.24
9,left_hand,0train,11.252,-36.216
9,right_hand,0train,43.351,23.096
9,right_hand,0train,34.548,29.795
9,left_hand,0train,-7.474,-9.974
9,left_hand,0train,5.898,-39.298
9,left_hand,0train,-9.322,-21.675
9,left_hand,0train,-10.428,-54.812
9,right_hand,0train,28.096,23.513
9,right_hand,0train,42.912,9.094
9,left_hand,0train,-14.369,-55.51
9,right_hand,0train,51.44,19.447
9,left_hand,0train,18.798,-58.11
9,left_hand,0train,13.998,-56.159
9,right_hand,0train,31.937,19.492
9,right_hand,0train,30.758,11.224
9,right_hand,0train,36.018,27.095
9,left_hand,0train,4.98,-25.152
9,right_hand,0train,50.41,30.532
9,left_hand,0train,-19.513,-30.059
9,left_hand,0train,13.161,-37.278
9,left_hand,0train,-12.124,-38.292
9,left_hand,0train,5.95,-26.28
9,right_hand,0train,63.082,26.779
9,right_hand,0train,29.894,24.865
9,left_hand,0train,4.203,1.15
9,right_hand,0train,57.969,24.036
9,left_hand,0train,-16.549,-11.94
9,left_hand,0train,11.148,-49.071
9,right_hand,0train,46.066,24.182
9,left_hand,0train,5.172,-52.108
9,left_hand,0train,4.247,-37.247
9,right_hand,0train,44.599,11.004
9,right_hand,0train,41.807,10.343
9,right_hand,0train,36.475,16.788
9,right_hand,0train,48.996,-33.435
9,left_hand,0train,-11.638,-42.664
9,right_hand,0train,50.712,31.525
9,right_hand,0train,43.986,-6.721
9,left_hand,0train,-0.236,-20.317
9,right_hand,0train,75.92,-5.521
9,left_hand,0train,-2.029,-38.62
9,left_hand,0train,-13.455,-34.226
9,right_hand,0train,53.203,9.306
9,right_hand,0train,30.891,8.373
9,left_hand,0train,-5.553,-23.926
9,right_hand,0train,61.23,19.813
9,left_hand,0train,8.581,-42.279
9,right_hand,0train,45.218,1.311
9,right_hand,0train,46.43,7.516
9,right_hand,0train,41.766,-2.562
9,left_hand,0train,9.525,-20.19
9,left_hand,0train,-4.578,-41.643
9,right_hand,0train,58.087,22.209
9,left_hand,0train,10.116,-34.785
9,right_hand,0train,78.078,3.366
9,left_hand,0train,12.963,-44.242
9,left_hand,0train,7.246,-34.683
9,right_hand,0train,68.882,12.583
9,left_hand,0train,9.066,-44.808
9,left_hand,0train,-8.742,-37.847
9,left_hand,0train,-11.851,-27.068
9,left_hand,0train,-16.938,-19.35
9,right_hand,0train,45.528,9.424
9,right_hand,0train,65.471,6.466
9,left_hand,0train,-6.272,-40.925
9,right_hand,0train,49.258,14.847
9,right_hand,0train,76.889,2.282
9,left_hand,0train,-34.94,-4.969
9,left_hand,0train,-18.402,-8.579
9,right_hand,0train,71.641,25.716
9,left_hand,0train,-11.753,-43.971
9,left_hand,0train,18.005,-41.199
9,right_hand,0train,50.369,22.915
9,right_hand,0train,44.579,11.633
9,left_hand,0train,-12.745,-27.558
9,right_hand,0train,67.963,21.214
9,right_hand,0train,57.894,-12.864
9,left_hand,0train,-18.952,-29.246
9,left_hand,0train,21.236,-38.523
9,right_hand,0train,57.245,-12.748
9,left_hand,0train,-1.312,-38.598
9,left_hand,0train,2.812,-52.146
9,right_hand,0train,86.097,0.561
9,right_hand,0train,75.85,2.821
9,right_hand,0train,82.836,-6.053
9,left_hand,0train,14.628,-47.952
9,right_hand,0train,78.43,-14.814
9,left_hand,0train,19.322,-54.324
9,right_hand,0train,48.94,0.183
9,right_hand,0train,50.143,29.74
9,left_hand,0train,-1.518,-31.109
9,left_hand,0train,7.26,-39.776
9,right_hand,0train,62.22,9.109
9,right_hand,0train,39.393,5.53
9,left_hand,0train,8.709,-38.305
9,left_hand,0train,4.441,-50.172
9,right_hand,0train,52.911,-14.202
9,right_hand,0train,31.172,2.374
9,left_hand,0train,-7.959,9.467
9,left_hand,0train,-6.628,-42.034
9,right_hand,0train,29.632,15.911
9,left_hand,0train,-5.163,-14.993
9,right_hand,0train,50.921,-5.124
9,right_hand,0train,35.791,6.87
9,right_hand,0train,43.914,27.893
9,left_hand,0train,8.225,-49.354
9,right_hand,0train,69.761,4.03
9,right_hand,0train,15.629,7.953
9,left_hand,0train,-12.521,-26.14
9,left_hand,0train,0.166,-44.666
9,left_hand,0train,-1.097,-23.935
9,right_hand,0train,44.816,6.928
9,left_hand,0train,3.552,-57.868
9,left_hand,0train,-4.105,-19.912
9,right_hand,0train,28.335,4.766
9,left_hand,0train,-13.67,-29.299
9,left_hand,0train,-12.19,-40.317
9,left_hand,0train,12.899,-64.611
9,right_hand,0train,34.001,8.589
9,right_hand,0train,32.21,18.965
9,right_hand,0train,56.007,23.661
9,right_hand,0train,57.302,2.696
9,left_hand,0train,3.322,-59.373
9,right_hand,0train,21.967,14.038
9,left_hand,0train,-21.566,-44.664
9,right_hand,0train,50.601,2.345
9,left_hand,0train,17.408,-42.928
9,left_hand,0train,-24.789,-32.554
9,right_hand,0train,35.765,-21.045
9,left_hand,0train,17.867,-39.169
9,right_hand,0train,69.37,6.423
9,right_hand,0train,47.877,8.889
9,left_hand,0train,-11.029,-22.404
9,left_hand,0train,-17.403,-23.627
9,right_hand,0train,32.354,12.798
9,left_hand,0train,5.277,-58.641
9,right_hand,0train,80.467,32.698
9,left_hand,0train,-17.26,-27.092
9,right_hand,0train,41.778,0.304
9,left_hand,1test,7.952,-37.088
9,right_hand,1test,49.342,36.825
9,right_hand,1test,61.983,38.302
9,left_hand,1test,-6.393,-11.808
9,right_hand,1test,61.916,32.434
9,left_hand,1test,-12.539,-17.317
9,right_hand,1test,67.671,35.704
9,right_hand,1test,48.77,18.786
9,left_hand,1test,4.013,0.011
9,right_hand,1test,44.683,41.412
9,left_hand,1test,-16.174,-17.236
9,left_hand,1test,-6.4,-8.408
9,right_hand,1test,22.744,26.426
9,left_hand,1test,-9.111,-25.794
9,left_hand,1test,-9.446,-28.333
9,left_hand,1test,-4.268,-21.979
9,left_hand,1test,-3.374,21.72
9,right_hand,1test,55.076,8.387
9,left_hand,1test,-12.385,-4.239
9,right_hand,1test,74.641,21.47
9,right_hand,1test,44.617,23.66
9,left_hand,1test,-7.594,-33.776
9,right_hand,1test,52.046,10.334
9,right_hand,1test,63.291,26.528
9,right_hand,1test,69.863,22.623
9,left_hand,1test,17.019,-10.151
9,left_hand,1test,-5.846,3.783
9,right_hand,1test,55.583,38.163
9,right_hand,1test,44.79,28.374
9,left_hand,1test,-13.671,-14.437
9,left_hand,1test,-35.444,12.015
9,left_hand,1test,-4.331,-17.303
9,right_hand,1test,59.062,1.273
9,right_hand,1test,40.944,-18.031
9,left_hand,1test,14.628,11.088
9,left_hand,1test,4.22,7.607
9,left_hand,1test,21.393,-20.495
9,right_hand,1test,50.499,12.442
9,left_hand,1test,-6.145,-34.601
9,right_hand,1test,68.855,4.592
9,right_hand,1test,43.934,-10.603
9,left_hand,1test,-21.16,4.473
9,right_hand,1test,52.316,4.484
9,left_hand,1test,2.25,-3.206
9,right_hand,1test,53.459,7.772
9,right_hand,1test,67.034,19.033
9,right_hand,1test,46.68,-14.759
9,left_hand,1test,33.255,-6.841
9,left_hand,1test,-8.932,7.911
9,left_hand,1test,20.766,-1.123
9,right_hand,1test,60.826,7.563
9,left_hand,1test,-2.702,-13.478
9,left_hand,1test,1.438,-29.81
9,right_hand,1test,72.332,-15.828
9,left_hand,1test,-6.789,-55.756
9,left_hand,1test,-14.539,-2.459
9,right_hand,1test,51.106,11.881
9,left_hand,1test,0.927,-42.889
9,right_hand,1test,72.884,8.49
9,right_hand,1test,34.711,-16.437
9,left_hand,1test,-7.742,-7.759
9,right_hand,1test,59.775,-3.033
9,left_hand,1test,-4.704,-21.511
9,left_hand,1test,42.752,-44.836
9,right_hand,1test,40.38,25.859
9,left_hand,1test,43.806,-10.461
9,right_hand,1test,38.986,-25.936
9,right_hand,1test,60.381,27.607
9,right_hand,1test,85.204,11.081
9,right_hand,1test,40.711,-40.126
9,right_hand,1test,16.913,-34.803
9,left_hand,1test,13.11,-37.607
9,right_hand,1test,2.312,20.758
9,left_hand,1test,-13.29,-34.183
9,left_hand,1test,-17.945,-7.383
9,left_hand,1test,8.909,-20.437
9,right_hand,1test,65.094,-19.93
9,right_hand,1test,6.586,-34.505
9,left_hand,1test,-5.539,5.69
9,right_hand,1test,11.011,-38.965
9,left_hand,1test,16.626,25.76
9,right_hand,1test,55.232,-13.727
9,left_hand,1test,-15.19,-59.216
9,right_hand,1test,32.121,-0.6
9,right_hand,1test,42.486,-1.631
9,right_hand,1test,49.95,13.749
9,left_hand,1test,9.574,-35.155
9,left_hand,1test,1.951,-28.238
9,right_hand,1test,64.519,-8.932
9,left_hand,1test,12.125,1.132
9,right_hand,1test,59.053,0.131
9,right_hand,1test,25.906,-11.887
9,left_hand,1test,15.339,14.859
9,left_hand,1test,11.984,-28.353
9,right_hand,1test,55.246,1.462
9,left_hand,1test,-3.117,5.232
9,right_hand,1test,44.859,16.579
9,left_hand,1test,26.444,5.209
9,left_hand,1test,-22.776,-2.169
9,right_hand,1test,5.797,-20.587
9,left_hand,1test,6.629,-17.214
9,left_hand,1test,11.85,-13.699
9,left_hand,1test,-1.762,-18.581
9,right_hand,1test,43.934,-3.96
9,right_hand,1test,46.228,-35.331
9,right_hand,1test,8.645,-17.796
9,right_hand,1test,58.721,-6.735
9,left_hand,1test,4.578,-20.354
9,right_hand,1test,32.163,-26.903
9,right_hand,1test,42.475,-11.557
9,right_hand,1test,38.773,-13.361
9,left_hand,1test,21.16,-24.677
9,left_hand,1test,-13.011,-41.064
9,left_hand,1test,20.363,8.838
9,left_hand,1test,3.5,-0.08
9,left_hand,1test,22.599,-34.833
9,right_hand,1test,55.09,-9.431
9,left_hand,1test,34.889,-11.865
9,right_hand,1test,77.427,-2.561
9,right_hand,1test,46.232,2.765
9,left_hand,1test,18.391,-20.237
9,right_hand,1test,11.645,-38.797
9,left_hand,1test,2.852,-5.293
9,left_hand,1test,-3.017,-25.512
9,right_hand,1test,46.107,-12.023
9,right_hand,1test,26.081,-23.318
9,right_hand,1test,54.897,-8.629
9,left_hand,1test,7.607,-13.066
9,right_hand,1test,61.522,5.775
9,right_hand,1test,51.594,6.7
9,right_hand,1test,39.677,-0.043
9,right_hand,1test,39.997,-13.919
9,right_hand,1test,21.248,-19.233
9,left_hand,1test,29.71,-4.635
9,right_hand,1test,52.431,-7.274
9,right_hand,1test,50.72,-17.558
9,left_hand,1test,8.88,-34.876
9,left_hand,1test,19.131,3.298
9,left_hand,1test,3.976,-33.023
9,left_hand,1test,8.921,-11.846
9,left_hand,1test,14.585,-41.122
9,left_hand,1test,4.149,-26.715
9,right_hand,1test,38.054,5.887
9,left_hand,1test,1.435,-33.93
