epoch,stage,loss,train_accuracy,seconds,eval_accuracy,run,training_trials,seed
1,head only,0.7433,0.5295,8.9819,0.6051,all participants,1101,0
2,head only,0.6046,0.654,16.4942,0.5231,all participants,1101,0
3,head only,0.5136,0.7811,23.957,0.6667,all participants,1101,0
4,all weights,0.4062,0.8565,49.757,0.7846,all participants,1101,0
5,all weights,0.1501,0.9564,75.0068,0.8205,all participants,1101,0
6,all weights,0.0318,0.9991,100.3144,0.8615,all participants,1101,0
7,all weights,0.0072,1.0,125.5344,0.8564,all participants,1101,0
8,all weights,0.0022,1.0,150.9607,0.8564,all participants,1101,0
9,all weights,0.001,1.0,176.5444,0.8564,all participants,1101,0
10,all weights,0.0007,1.0,202.436,0.8564,all participants,1101,0
11,all weights,0.0005,1.0,228.5651,0.8513,all participants,1101,0
12,all weights,0.0004,1.0,254.3579,0.8564,all participants,1101,0
13,all weights,0.0003,1.0,280.165,0.8564,all participants,1101,0
1,all weights,0.7257,0.5586,24.9802,0.7077,"all participants, one stage",1101,0
2,all weights,0.3119,0.8592,50.6034,0.7744,"all participants, one stage",1101,0
3,all weights,0.0981,0.9673,76.4617,0.8923,"all participants, one stage",1101,0
4,all weights,0.0391,0.9873,103.5483,0.8821,"all participants, one stage",1101,0
5,all weights,0.0249,0.9909,128.807,0.8769,"all participants, one stage",1101,0
6,all weights,0.0043,1.0,153.9991,0.9128,"all participants, one stage",1101,0
7,all weights,0.0006,1.0,179.1971,0.9026,"all participants, one stage",1101,0
8,all weights,0.0001,1.0,204.4233,0.8872,"all participants, one stage",1101,0
9,all weights,0.0,1.0,229.6481,0.8872,"all participants, one stage",1101,0
10,all weights,0.0,1.0,254.851,0.8872,"all participants, one stage",1101,0
1,head only,0.8691,0.5,1.0932,0.5,participant 1 alone,122,0
2,head only,0.6197,0.623,2.4023,0.5,participant 1 alone,122,0
3,head only,0.5062,0.8197,3.3056,0.4091,participant 1 alone,122,0
4,all weights,0.5761,0.6393,6.6396,0.5909,participant 1 alone,122,0
5,all weights,0.3952,0.8443,9.7447,0.4545,participant 1 alone,122,0
6,all weights,0.305,0.9426,12.8453,0.6364,participant 1 alone,122,0
7,all weights,0.1872,0.9836,15.9285,0.5,participant 1 alone,122,0
8,all weights,0.1085,0.9836,19.0343,0.6364,participant 1 alone,122,0
9,all weights,0.041,1.0,22.123,0.5909,participant 1 alone,122,0
10,all weights,0.0145,1.0,25.216,0.7273,participant 1 alone,122,0
11,all weights,0.0052,1.0,28.3184,0.5,participant 1 alone,122,0
12,all weights,0.0029,1.0,31.4365,0.7727,participant 1 alone,122,0
13,all weights,0.0013,1.0,34.5457,0.7273,participant 1 alone,122,0
1,head only,0.851,0.5,0.7527,0.5,participant 2 alone,122,0
2,head only,0.582,0.6885,1.662,0.4545,participant 2 alone,122,0
3,head only,0.4645,0.8115,2.5908,0.4091,participant 2 alone,122,0
4,all weights,0.5429,0.7295,5.7833,0.4091,participant 2 alone,122,0
5,all weights,0.3759,0.8361,8.8668,0.3636,participant 2 alone,122,0
6,all weights,0.2897,0.918,11.9488,0.4091,participant 2 alone,122,0
7,all weights,0.1653,0.9918,15.0314,0.3636,participant 2 alone,122,0
8,all weights,0.0957,1.0,18.1126,0.4091,participant 2 alone,122,0
9,all weights,0.0453,1.0,21.2876,0.3182,participant 2 alone,122,0
10,all weights,0.0185,1.0,24.3726,0.4091,participant 2 alone,122,0
11,all weights,0.0084,1.0,27.4704,0.4545,participant 2 alone,122,0
12,all weights,0.0044,1.0,30.5745,0.4091,participant 2 alone,122,0
13,all weights,0.0029,1.0,33.6591,0.4545,participant 2 alone,122,0
1,head only,0.8271,0.5082,0.749,0.5,participant 3 alone,122,0
2,head only,0.5426,0.7213,1.7021,0.5909,participant 3 alone,122,0
3,head only,0.4209,0.877,2.6293,0.6818,participant 3 alone,122,0
4,all weights,0.4799,0.7377,5.7919,0.5909,participant 3 alone,122,0
5,all weights,0.3056,0.8934,8.8833,0.6818,participant 3 alone,122,0
6,all weights,0.1864,0.9754,11.9756,0.7273,participant 3 alone,122,0
7,all weights,0.0539,1.0,15.0804,0.7727,participant 3 alone,122,0
8,all weights,0.0174,1.0,18.1698,0.8636,participant 3 alone,122,0
9,all weights,0.0056,1.0,21.2977,0.9091,participant 3 alone,122,0
10,all weights,0.0011,1.0,24.3866,1.0,participant 3 alone,122,0
11,all weights,0.0004,1.0,27.5017,0.9545,participant 3 alone,122,0
12,all weights,0.0002,1.0,30.6105,0.9545,participant 3 alone,122,0
13,all weights,0.0002,1.0,33.7054,0.9545,participant 3 alone,122,0
1,head only,0.8538,0.5,0.7889,0.5,participant 4 alone,122,0
2,head only,0.602,0.6475,1.763,0.6364,participant 4 alone,122,0
3,head only,0.502,0.8525,2.6527,0.5455,participant 4 alone,122,0
4,all weights,0.5685,0.6639,5.9742,0.5909,participant 4 alone,122,0
5,all weights,0.3817,0.9016,9.0998,0.5909,participant 4 alone,122,0
6,all weights,0.2949,0.9918,12.2126,0.6364,participant 4 alone,122,0
7,all weights,0.2042,1.0,15.3127,0.6818,participant 4 alone,122,0
8,all weights,0.1143,1.0,18.4411,0.5909,participant 4 alone,122,0
9,all weights,0.0508,1.0,21.5479,0.6364,participant 4 alone,122,0
10,all weights,0.0191,1.0,24.6848,0.5909,participant 4 alone,122,0
11,all weights,0.0083,1.0,27.7791,0.6818,participant 4 alone,122,0
12,all weights,0.0042,1.0,30.8791,0.5909,participant 4 alone,122,0
13,all weights,0.0026,1.0,34.0287,0.6364,participant 4 alone,122,0
1,head only,0.8463,0.5082,0.7551,0.5,participant 5 alone,122,0
2,head only,0.5927,0.6803,1.6783,0.6818,participant 5 alone,122,0
3,head only,0.4862,0.8033,2.5462,0.5455,participant 5 alone,122,0
4,all weights,0.5702,0.6639,5.7207,0.5,participant 5 alone,122,0
5,all weights,0.3837,0.8525,8.8159,0.6364,participant 5 alone,122,0
6,all weights,0.3047,0.9098,11.9371,0.5909,participant 5 alone,122,0
7,all weights,0.1811,0.9836,15.059,0.5909,participant 5 alone,122,0
8,all weights,0.1044,1.0,18.1519,0.5909,participant 5 alone,122,0
9,all weights,0.0451,1.0,21.2425,0.5909,participant 5 alone,122,0
10,all weights,0.0169,1.0,24.3471,0.6364,participant 5 alone,122,0
11,all weights,0.0071,1.0,27.5215,0.6364,participant 5 alone,122,0
12,all weights,0.0037,1.0,30.7092,0.5909,participant 5 alone,122,0
13,all weights,0.0025,1.0,33.8292,0.5909,participant 5 alone,122,0
1,head only,0.8648,0.5,0.7488,0.5,participant 6 alone,122,0
2,head only,0.586,0.6475,1.6554,0.5,participant 6 alone,122,0
3,head only,0.4635,0.8443,2.523,0.4545,participant 6 alone,122,0
4,all weights,0.5348,0.6721,5.7243,0.4545,participant 6 alone,122,0
5,all weights,0.3666,0.8607,8.8428,0.5,participant 6 alone,122,0
6,all weights,0.2787,0.9344,11.9368,0.5455,participant 6 alone,122,0
7,all weights,0.1525,1.0,15.0644,0.5,participant 6 alone,122,0
8,all weights,0.0952,1.0,18.1622,0.5909,participant 6 alone,122,0
9,all weights,0.0453,1.0,21.2868,0.5,participant 6 alone,122,0
10,all weights,0.0178,1.0,24.3995,0.5455,participant 6 alone,122,0
11,all weights,0.0076,1.0,27.497,0.5455,participant 6 alone,122,0
12,all weights,0.0044,1.0,30.5967,0.5455,participant 6 alone,122,0
13,all weights,0.0028,1.0,33.7412,0.5455,participant 6 alone,122,0
1,head only,0.8659,0.5082,0.762,0.5,participant 7 alone,122,0
2,head only,0.6125,0.6311,1.7707,0.4545,participant 7 alone,122,0
3,head only,0.4988,0.7951,2.6774,0.5909,participant 7 alone,122,0
4,all weights,0.5655,0.6557,5.8915,0.3636,participant 7 alone,122,0
5,all weights,0.3793,0.8689,8.9976,0.5455,participant 7 alone,122,0
6,all weights,0.2654,0.9754,12.0916,0.5455,participant 7 alone,122,0
7,all weights,0.1928,0.9836,15.2488,0.6364,participant 7 alone,122,0
8,all weights,0.099,0.9918,18.3725,0.5909,participant 7 alone,122,0
9,all weights,0.0526,0.9918,21.4706,0.5909,participant 7 alone,122,0
10,all weights,0.0302,1.0,24.5689,0.5455,participant 7 alone,122,0
11,all weights,0.0139,1.0,27.7332,0.5909,participant 7 alone,122,0
12,all weights,0.0055,1.0,30.8507,0.5909,participant 7 alone,122,0
13,all weights,0.0028,1.0,33.9668,0.5909,participant 7 alone,122,0
1,head only,0.8094,0.5,0.7933,0.5,participant 8 alone,122,0
2,head only,0.4918,0.8279,1.6983,0.6818,participant 8 alone,122,0
3,head only,0.3801,0.9262,2.5688,0.6364,participant 8 alone,122,0
4,all weights,0.4293,0.7377,5.7292,0.5909,participant 8 alone,122,0
5,all weights,0.2478,0.9508,8.8231,0.6818,participant 8 alone,122,0
6,all weights,0.136,0.9836,11.9144,0.7273,participant 8 alone,122,0
7,all weights,0.0578,1.0,15.0156,0.8182,participant 8 alone,122,0
8,all weights,0.0154,1.0,18.1309,0.8636,participant 8 alone,122,0
9,all weights,0.0041,1.0,21.2418,0.8182,participant 8 alone,122,0
10,all weights,0.0015,1.0,24.3449,0.7727,participant 8 alone,122,0
11,all weights,0.0005,1.0,27.4537,0.6818,participant 8 alone,122,0
12,all weights,0.0004,1.0,30.5474,0.6818,participant 8 alone,122,0
13,all weights,0.0003,1.0,33.6609,0.7273,participant 8 alone,122,0
1,head only,0.8229,0.5,0.7989,0.5909,participant 9 alone,122,0
2,head only,0.5171,0.8033,1.7215,0.5,participant 9 alone,122,0
3,head only,0.3969,0.9262,2.5914,0.5,participant 9 alone,122,0
4,all weights,0.4932,0.7213,5.7689,0.5455,participant 9 alone,122,0
5,all weights,0.3022,0.9098,8.8664,0.4545,participant 9 alone,122,0
6,all weights,0.2119,0.9672,11.9798,0.5909,participant 9 alone,122,0
7,all weights,0.1001,1.0,15.0851,0.5909,participant 9 alone,122,0
8,all weights,0.0448,1.0,18.2103,0.6818,participant 9 alone,122,0
9,all weights,0.0133,1.0,21.3249,0.7273,participant 9 alone,122,0
10,all weights,0.0059,1.0,24.4213,0.7727,participant 9 alone,122,0
11,all weights,0.002,1.0,27.5387,0.8182,participant 9 alone,122,0
12,all weights,0.001,1.0,30.6371,0.7727,participant 9 alone,122,0
13,all weights,0.0007,1.0,33.7524,0.7727,participant 9 alone,122,0
1,head only,0.866,0.4683,3.8824,0.54,"all participants, 10 % of the labels",126,0
2,head only,0.6742,0.5556,5.767,0.445,"all participants, 10 % of the labels",126,0
3,head only,0.5472,0.7381,7.5632,0.595,"all participants, 10 % of the labels",126,0
4,head only,0.4806,0.8571,9.424,0.49,"all participants, 10 % of the labels",126,0
5,head only,0.4249,0.881,11.2003,0.525,"all participants, 10 % of the labels",126,0
6,head only,0.371,0.9444,12.9724,0.56,"all participants, 10 % of the labels",126,0
7,head only,0.3139,0.9762,14.7988,0.495,"all participants, 10 % of the labels",126,0
8,head only,0.3008,0.9683,16.6655,0.525,"all participants, 10 % of the labels",126,0
9,head only,0.2647,0.9841,18.5121,0.56,"all participants, 10 % of the labels",126,0
10,head only,0.2384,0.9841,20.3034,0.505,"all participants, 10 % of the labels",126,0
11,all weights,0.2838,0.9127,24.8882,0.485,"all participants, 10 % of the labels",126,0
12,all weights,0.1832,0.9841,28.6837,0.575,"all participants, 10 % of the labels",126,0
13,all weights,0.1419,0.9921,32.5891,0.535,"all participants, 10 % of the labels",126,0
14,all weights,0.0955,1.0,36.3736,0.505,"all participants, 10 % of the labels",126,0
15,all weights,0.0571,1.0,40.4007,0.58,"all participants, 10 % of the labels",126,0
16,all weights,0.0345,1.0,44.1614,0.545,"all participants, 10 % of the labels",126,0
17,all weights,0.0155,1.0,48.1606,0.51,"all participants, 10 % of the labels",126,0
18,all weights,0.0099,1.0,51.9938,0.545,"all participants, 10 % of the labels",126,0
19,all weights,0.0046,1.0,55.7751,0.54,"all participants, 10 % of the labels",126,0
20,all weights,0.0039,1.0,59.8294,0.545,"all participants, 10 % of the labels",126,0
21,all weights,0.002,1.0,63.6428,0.54,"all participants, 10 % of the labels",126,0
22,all weights,0.0014,1.0,67.4421,0.52,"all participants, 10 % of the labels",126,0
23,all weights,0.0012,1.0,71.2348,0.52,"all participants, 10 % of the labels",126,0
24,all weights,0.0009,1.0,75.1757,0.53,"all participants, 10 % of the labels",126,0
25,all weights,0.0006,1.0,79.0021,0.53,"all participants, 10 % of the labels",126,0
26,all weights,0.0005,1.0,82.804,0.525,"all participants, 10 % of the labels",126,0
27,all weights,0.0005,1.0,86.6119,0.53,"all participants, 10 % of the labels",126,0
28,all weights,0.0004,1.0,90.4263,0.53,"all participants, 10 % of the labels",126,0
29,all weights,0.0004,1.0,94.4438,0.53,"all participants, 10 % of the labels",126,0
30,all weights,0.0003,1.0,98.2213,0.525,"all participants, 10 % of the labels",126,0
31,all weights,0.0003,1.0,102.0287,0.53,"all participants, 10 % of the labels",126,0
32,all weights,0.0003,1.0,105.8163,0.525,"all participants, 10 % of the labels",126,0
33,all weights,0.0003,1.0,109.6615,0.525,"all participants, 10 % of the labels",126,0
34,all weights,0.0003,1.0,113.4987,0.525,"all participants, 10 % of the labels",126,0
35,all weights,0.0002,1.0,117.3097,0.525,"all participants, 10 % of the labels",126,0
36,all weights,0.0002,1.0,121.137,0.52,"all participants, 10 % of the labels",126,0
37,all weights,0.0002,1.0,124.921,0.525,"all participants, 10 % of the labels",126,0
38,all weights,0.0002,1.0,128.7325,0.525,"all participants, 10 % of the labels",126,0
39,all weights,0.0002,1.0,132.6475,0.525,"all participants, 10 % of the labels",126,0
40,all weights,0.0002,1.0,136.4795,0.525,"all participants, 10 % of the labels",126,0
41,all weights,0.0002,1.0,140.302,0.525,"all participants, 10 % of the labels",126,0
42,all weights,0.0002,1.0,144.1693,0.525,"all participants, 10 % of the labels",126,0
43,all weights,0.0002,1.0,148.01,0.525,"all participants, 10 % of the labels",126,0
44,all weights,0.0001,1.0,151.8416,0.525,"all participants, 10 % of the labels",126,0
45,all weights,0.0001,1.0,155.7124,0.525,"all participants, 10 % of the labels",126,0
46,all weights,0.0001,1.0,159.5334,0.525,"all participants, 10 % of the labels",126,0
47,all weights,0.0001,1.0,163.331,0.52,"all participants, 10 % of the labels",126,0
48,all weights,0.0001,1.0,167.145,0.52,"all participants, 10 % of the labels",126,0
49,all weights,0.0001,1.0,170.9585,0.52,"all participants, 10 % of the labels",126,0
50,all weights,0.0001,1.0,174.7822,0.52,"all participants, 10 % of the labels",126,0
1,head only,0.8139,0.5397,1.0475,0.455,"all participants, 10 % of the labels",126,1
2,head only,0.6222,0.6667,2.8821,0.505,"all participants, 10 % of the labels",126,1
3,head only,0.5631,0.7381,4.6569,0.49,"all participants, 10 % of the labels",126,1
4,head only,0.46,0.9048,6.4319,0.54,"all participants, 10 % of the labels",126,1
5,head only,0.4041,0.9444,8.22,0.515,"all participants, 10 % of the labels",126,1
6,head only,0.3554,0.9524,10.0314,0.51,"all participants, 10 % of the labels",126,1
7,head only,0.314,0.9683,11.8612,0.515,"all participants, 10 % of the labels",126,1
8,head only,0.2821,0.9841,13.703,0.51,"all participants, 10 % of the labels",126,1
9,head only,0.2531,0.9762,15.5131,0.54,"all participants, 10 % of the labels",126,1
10,head only,0.2152,0.9841,17.2912,0.505,"all participants, 10 % of the labels",126,1
11,all weights,0.2349,0.9286,21.0522,0.46,"all participants, 10 % of the labels",126,1
12,all weights,0.1772,1.0,24.8478,0.575,"all participants, 10 % of the labels",126,1
13,all weights,0.1134,1.0,28.6961,0.52,"all participants, 10 % of the labels",126,1
14,all weights,0.0707,1.0,32.4946,0.515,"all participants, 10 % of the labels",126,1
15,all weights,0.0389,1.0,36.2711,0.545,"all participants, 10 % of the labels",126,1
16,all weights,0.0198,1.0,40.0458,0.535,"all participants, 10 % of the labels",126,1
17,all weights,0.0112,1.0,43.8499,0.505,"all participants, 10 % of the labels",126,1
18,all weights,0.0053,1.0,47.7797,0.55,"all participants, 10 % of the labels",126,1
19,all weights,0.0034,1.0,51.5341,0.555,"all participants, 10 % of the labels",126,1
20,all weights,0.002,1.0,55.3239,0.54,"all participants, 10 % of the labels",126,1
21,all weights,0.0012,1.0,59.0911,0.52,"all participants, 10 % of the labels",126,1
22,all weights,0.001,1.0,62.9018,0.515,"all participants, 10 % of the labels",126,1
23,all weights,0.0007,1.0,66.6679,0.53,"all participants, 10 % of the labels",126,1
24,all weights,0.0005,1.0,70.6038,0.54,"all participants, 10 % of the labels",126,1
25,all weights,0.0004,1.0,74.4291,0.54,"all participants, 10 % of the labels",126,1
26,all weights,0.0004,1.0,78.4653,0.545,"all participants, 10 % of the labels",126,1
27,all weights,0.0003,1.0,82.4339,0.54,"all participants, 10 % of the labels",126,1
28,all weights,0.0003,1.0,86.2138,0.54,"all participants, 10 % of the labels",126,1
29,all weights,0.0002,1.0,90.0881,0.545,"all participants, 10 % of the labels",126,1
30,all weights,0.0002,1.0,93.8864,0.53,"all participants, 10 % of the labels",126,1
31,all weights,0.0002,1.0,97.8883,0.525,"all participants, 10 % of the labels",126,1
32,all weights,0.0002,1.0,101.7002,0.525,"all participants, 10 % of the labels",126,1
33,all weights,0.0002,1.0,105.5132,0.53,"all participants, 10 % of the labels",126,1
34,all weights,0.0002,1.0,109.35,0.525,"all participants, 10 % of the labels",126,1
35,all weights,0.0002,1.0,113.1652,0.53,"all participants, 10 % of the labels",126,1
36,all weights,0.0001,1.0,116.9716,0.535,"all participants, 10 % of the labels",126,1
37,all weights,0.0001,1.0,120.7905,0.53,"all participants, 10 % of the labels",126,1
38,all weights,0.0001,1.0,124.5926,0.53,"all participants, 10 % of the labels",126,1
39,all weights,0.0001,1.0,128.7246,0.53,"all participants, 10 % of the labels",126,1
40,all weights,0.0001,1.0,132.6278,0.535,"all participants, 10 % of the labels",126,1
41,all weights,0.0001,1.0,136.5779,0.53,"all participants, 10 % of the labels",126,1
42,all weights,0.0001,1.0,140.4013,0.53,"all participants, 10 % of the labels",126,1
43,all weights,0.0001,1.0,144.1949,0.53,"all participants, 10 % of the labels",126,1
44,all weights,0.0001,1.0,147.9869,0.53,"all participants, 10 % of the labels",126,1
45,all weights,0.0001,1.0,152.0161,0.53,"all participants, 10 % of the labels",126,1
46,all weights,0.0001,1.0,155.8116,0.53,"all participants, 10 % of the labels",126,1
47,all weights,0.0001,1.0,159.6109,0.53,"all participants, 10 % of the labels",126,1
48,all weights,0.0001,1.0,163.4178,0.53,"all participants, 10 % of the labels",126,1
49,all weights,0.0001,1.0,167.2098,0.53,"all participants, 10 % of the labels",126,1
50,all weights,0.0001,1.0,171.0154,0.53,"all participants, 10 % of the labels",126,1
1,head only,0.7706,0.5168,6.2214,0.5179,all participants,1101,1
2,head only,0.6124,0.6621,13.8496,0.6205,all participants,1101,1
3,head only,0.5198,0.772,21.4854,0.641,all participants,1101,1
4,all weights,0.4274,0.8038,46.738,0.7436,all participants,1101,1
5,all weights,0.1845,0.9455,71.1715,0.8256,all participants,1101,1
6,all weights,0.0383,0.9964,95.5795,0.8359,all participants,1101,1
7,all weights,0.0073,1.0,119.9837,0.8513,all participants,1101,1
8,all weights,0.0023,1.0,144.3518,0.8769,all participants,1101,1
9,all weights,0.0012,1.0,168.7239,0.8769,all participants,1101,1
10,all weights,0.0008,1.0,193.0656,0.8769,all participants,1101,1
11,all weights,0.0006,1.0,217.4948,0.8769,all participants,1101,1
12,all weights,0.0005,1.0,241.9511,0.8769,all participants,1101,1
13,all weights,0.0004,1.0,266.3407,0.8821,all participants,1101,1
1,all weights,0.7163,0.5459,24.3252,0.5026,"all participants, one stage",1101,1
2,all weights,0.4064,0.7811,48.7359,0.7641,"all participants, one stage",1101,1
3,all weights,0.1432,0.951,73.1568,0.8718,"all participants, one stage",1101,1
4,all weights,0.0263,0.9927,97.6171,0.8718,"all participants, one stage",1101,1
5,all weights,0.0038,0.9991,122.0814,0.8667,"all participants, one stage",1101,1
6,all weights,0.0027,0.9991,146.5394,0.8615,"all participants, one stage",1101,1
7,all weights,0.0005,1.0,171.1956,0.8769,"all participants, one stage",1101,1
8,all weights,0.0001,1.0,195.784,0.8821,"all participants, one stage",1101,1
9,all weights,0.0001,1.0,220.3376,0.8872,"all participants, one stage",1101,1
10,all weights,0.0001,1.0,244.7763,0.8821,"all participants, one stage",1101,1
1,head only,0.7843,0.5341,7.5617,0.5128,all participants,1101,2
2,head only,0.6142,0.6558,14.7426,0.5333,all participants,1101,2
3,head only,0.5265,0.7711,21.9135,0.6154,all participants,1101,2
4,all weights,0.447,0.8102,46.6062,0.7333,all participants,1101,2
5,all weights,0.1922,0.9401,71.0146,0.7744,all participants,1101,2
6,all weights,0.0453,0.9946,95.4255,0.8308,all participants,1101,2
7,all weights,0.0074,1.0,119.8406,0.8513,all participants,1101,2
8,all weights,0.0023,1.0,144.4133,0.8462,all participants,1101,2
9,all weights,0.0012,1.0,168.855,0.841,all participants,1101,2
10,all weights,0.0008,1.0,193.2747,0.8462,all participants,1101,2
11,all weights,0.0006,1.0,217.6677,0.841,all participants,1101,2
12,all weights,0.0005,1.0,242.0821,0.841,all participants,1101,2
13,all weights,0.0004,1.0,266.5099,0.841,all participants,1101,2
1,all weights,0.8711,0.525,24.4204,0.5026,"all participants, one stage",1101,2
2,all weights,0.7258,0.5204,48.9091,0.5026,"all participants, one stage",1101,2
3,all weights,0.7875,0.5313,73.3911,0.5026,"all participants, one stage",1101,2
4,all weights,0.7028,0.5886,97.881,0.559,"all participants, one stage",1101,2
5,all weights,0.4094,0.8111,122.3263,0.5487,"all participants, one stage",1101,2
6,all weights,0.1565,0.941,146.7382,0.6667,"all participants, one stage",1101,2
7,all weights,0.066,0.9809,171.1779,0.6769,"all participants, one stage",1101,2
8,all weights,0.0054,0.9991,195.6297,0.6513,"all participants, one stage",1101,2
9,all weights,0.0006,1.0,220.0786,0.6513,"all participants, one stage",1101,2
10,all weights,0.0003,1.0,244.8578,0.6513,"all participants, one stage",1101,2
1,head only,0.8273,0.5295,7.5012,0.5077,all participants,1101,3
2,head only,0.6233,0.6549,14.6611,0.5385,all participants,1101,3
3,head only,0.5646,0.6876,22.1049,0.6308,all participants,1101,3
4,all weights,0.4504,0.7975,46.933,0.759,all participants,1101,3
5,all weights,0.166,0.9537,71.5691,0.8103,all participants,1101,3
6,all weights,0.0376,0.9955,96.0726,0.841,all participants,1101,3
7,all weights,0.0097,1.0,120.685,0.8564,all participants,1101,3
8,all weights,0.0021,1.0,145.1851,0.8667,all participants,1101,3
9,all weights,0.0011,1.0,169.7309,0.8615,all participants,1101,3
10,all weights,0.0007,1.0,194.2033,0.8615,all participants,1101,3
11,all weights,0.0005,1.0,218.7197,0.8667,all participants,1101,3
12,all weights,0.0004,1.0,243.2417,0.8667,all participants,1101,3
13,all weights,0.0003,1.0,267.7386,0.8667,all participants,1101,3
1,all weights,0.7772,0.5368,24.2469,0.6103,"all participants, one stage",1101,3
2,all weights,0.4887,0.7829,48.7171,0.7949,"all participants, one stage",1101,3
3,all weights,0.1431,0.9455,73.255,0.8667,"all participants, one stage",1101,3
4,all weights,0.022,0.9946,97.7801,0.8667,"all participants, one stage",1101,3
5,all weights,0.0111,0.9973,122.1963,0.8513,"all participants, one stage",1101,3
6,all weights,0.0019,1.0,146.6614,0.8769,"all participants, one stage",1101,3
7,all weights,0.0003,1.0,171.1043,0.8718,"all participants, one stage",1101,3
8,all weights,0.0001,1.0,195.5601,0.8872,"all participants, one stage",1101,3
9,all weights,0.0001,1.0,220.0394,0.8872,"all participants, one stage",1101,3
10,all weights,0.0,1.0,244.5562,0.8821,"all participants, one stage",1101,3
