method,subject,balanced_accuracy,auc,seconds,training_data,training_labels,adapted_parameters,hardware
CSP + LDA,1,0.8333333333333334,0.9720293209876544,0.1605980396270752,own day 1,100 %,none,CPU
CSP + LDA,2,0.4861111111111111,0.5190972222222223,0.14232420921325684,own day 1,100 %,none,CPU
CSP + LDA,3,0.8958333333333333,0.9963348765432098,0.14168000221252441,own day 1,100 %,none,CPU
CSP + LDA,4,0.7083333333333333,0.7621527777777778,0.14070391654968262,own day 1,100 %,none,CPU
CSP + LDA,5,0.5763888888888888,0.5808256172839507,0.14522910118103027,own day 1,100 %,none,CPU
CSP + LDA,6,0.7152777777777777,0.7727623456790124,0.13742399215698242,own day 1,100 %,none,CPU
CSP + LDA,7,0.513888888888889,0.7924382716049382,0.1408519744873047,own day 1,100 %,none,CPU
CSP + LDA,8,0.9375,0.9903549382716049,0.13900184631347656,own day 1,100 %,none,CPU
CSP + LDA,9,0.8888888888888888,0.9552469135802469,0.14131879806518555,own day 1,100 %,none,CPU
Tangent space + LR,1,0.8819444444444444,0.9571759259259259,0.22191095352172852,own day 1,100 %,none,CPU
Tangent space + LR,2,0.5902777777777778,0.640625,0.2241220474243164,own day 1,100 %,none,CPU
Tangent space + LR,3,0.9583333333333333,0.9990354938271605,0.22156023979187012,own day 1,100 %,none,CPU
Tangent space + LR,4,0.75,0.8875385802469136,0.23733210563659668,own day 1,100 %,none,CPU
Tangent space + LR,5,0.5902777777777778,0.6589506172839507,0.21811723709106445,own day 1,100 %,none,CPU
Tangent space + LR,6,0.7291666666666666,0.814429012345679,0.22429299354553223,own day 1,100 %,none,CPU
Tangent space + LR,7,0.5625,0.924189814814815,0.2149369716644287,own day 1,100 %,none,CPU
Tangent space + LR,8,0.9722222222222223,0.9972993827160493,0.21801280975341797,own day 1,100 %,none,CPU
Tangent space + LR,9,0.8472222222222222,0.92554012345679,0.22661495208740234,own day 1,100 %,none,CPU
